entry_date,exit_date,ticker,trade_type,entry_price,exit_price,strike,position_eur,units,pnl_eur,pnl_pct,bars_held,max_r_mult,exit_reason
2016-06-20,2016-07-01,AMD,stock,5.4,5.12,,1000.0,185.3434,-50.95,-5.1,9,0.11,trailing_stop
2016-06-20,2016-07-15,EQIX,stock,314.09,314.09,,1000.0,3.1838,-0.0,-0.0,18,0.87,trailing_stop
2016-06-22,2016-07-25,GE,stock,133.27,135.68,,1000.0,7.5034,18.05,1.81,22,2.47,trailing_stop
2016-06-27,2016-12-20,FMG.AX,stock,1.25,2.26,,1000.0,802.2302,811.57,81.16,126,11.59,trailing_stop
2016-06-29,2016-07-21,AEP,stock,48.91,48.91,,1000.0,20.4447,-0.0,-0.0,15,1.21,trailing_stop
2016-06-30,2016-07-13,BATS.L,stock,4668.29,4668.28,,1000.0,0.2142,-0.0,-0.0,9,1.32,trailing_stop
2016-06-30,2016-07-14,UNG,stock,136.94,129.96,,1000.0,7.3026,-50.95,-5.1,9,0.66,trailing_stop
2016-06-30,2016-07-27,CPER,stock,14.39,14.39,,1000.0,69.4716,-0.0,-0.0,18,1.69,trailing_stop
2016-06-30,2016-08-04,ULVR.L,stock,3692.37,3692.36,,1000.0,0.2708,-0.0,-0.0,25,1.3,trailing_stop
2016-06-30,2016-09-09,EMB,stock,72.06,73.87,,1000.0,13.8774,25.11,2.51,49,3.4,trailing_stop
2016-07-01,2016-07-15,DGE.L,stock,2082.37,2082.37,,995.0,0.4778,-0.0,-0.0,10,0.61,trailing_stop
2016-07-13,2016-09-13,PICK,stock,14.98,14.22,,995.0,66.3937,-50.69,-5.1,43,0.68,trailing_stop
2016-07-14,2016-10-19,INTC,stock,28.28,29.32,,990.0,35.0025,36.64,3.7,68,2.3,trailing_stop
2016-07-15,2016-08-02,GS,stock,133.28,127.11,,990.0,7.4265,-45.84,-4.63,12,0.04,trailing_stop
2016-07-15,2016-10-21,UNP,stock,76.63,72.72,,990.0,12.9174,-50.43,-5.1,69,0.97,trailing_stop
2016-07-21,2016-08-17,ASML,stock,96.43,96.43,,990.0,10.2643,-0.0,-0.0,19,1.17,trailing_stop
2016-07-25,2016-08-11,CBA.AX,stock,50.28,49.11,,992.0,19.7234,-22.91,-2.31,13,0.5,trailing_stop
2016-07-28,2016-09-29,VLO,stock,35.66,36.42,,992.0,27.8075,21.24,2.14,44,2.12,trailing_stop
2016-08-02,2016-08-15,PPLT,stock,113.22,107.64,,987.0,8.7176,-48.65,-4.93,9,0.02,trailing_stop
2016-08-04,2016-09-14,9984.T,stock,695.21,758.77,,987.0,1.4198,90.24,9.14,28,2.4,trailing_stop
2016-08-11,2016-10-11,CHTR,stock,253.46,259.86,,985.0,3.8851,24.87,2.53,42,2.1,trailing_stop
2016-08-15,2016-11-01,DG.PA,option_eu,4.09,1.02,48.73,1372.0,3.36,-1027.82,-74.92,56,0.0,dte_exit
2016-08-17,2016-11-01,AVGO,option_us,1.1,0.64,12.59,1372.0,12.47,-574.23,-41.86,53,0.2,dte_exit
2016-09-09,2016-10-04,CCI,stock,64.64,61.35,,982.0,15.1979,-50.05,-5.1,17,0.0,trailing_stop
2016-09-26,2016-10-07,CPER,stock,14.5,14.4,,986.0,68.0025,-6.92,-0.7,9,0.0,trailing_stop
2016-09-26,2016-12-06,IFX.DE,option_eu,1.18,1.36,13.2,1381.0,11.68,213.09,15.43,50,0.69,dte_exit
2016-09-30,2016-10-25,CAT,stock,70.99,68.4,,988.0,13.9232,-36.11,-3.65,17,0.42,trailing_stop
2016-10-04,2016-11-03,TEL2-B.ST,stock,37.51,37.51,,983.0,26.216,-0.0,-0.0,22,1.88,trailing_stop
2016-10-12,2016-10-26,USO,stock,91.77,88.23,,985.0,10.7359,-38.01,-3.86,10,0.29,trailing_stop
2016-10-12,2016-11-09,6501.T,stock,435.76,435.76,,985.0,2.261,-0.0,-0.0,19,1.48,trailing_stop
2016-11-11,2016-11-25,BLK,stock,294.22,294.22,,816.0,2.7743,-0.0,-0.0,9,0.16,trailing_stop
2016-11-11,2016-11-28,CRH,stock,27.28,25.89,,816.0,29.9215,-41.59,-5.1,10,0.0,trailing_stop
2016-11-11,2016-12-01,RTX,stock,54.53,54.53,,816.0,14.969,-0.0,-0.0,13,0.41,trailing_stop
2016-11-11,2016-12-02,CHTR,stock,269.34,269.34,,816.0,3.0306,-0.0,-0.0,14,0.56,trailing_stop
2016-11-11,2016-12-15,CAT,stock,76.02,76.02,,816.0,10.7379,-0.0,-0.0,23,0.79,trailing_stop
2016-11-11,2017-03-02,EMR,stock,44.21,48.39,,816.0,18.4621,77.17,9.45,74,3.6,trailing_stop
2016-11-11,2017-03-21,XLI,stock,51.78,55.5,,816.0,15.7653,58.78,7.2,87,4.0,trailing_stop
2016-11-11,2017-03-21,DIA,stock,156.8,173.89,,816.0,5.2057,88.97,10.9,87,6.55,trailing_stop
2016-11-25,2016-12-14,PICK,stock,18.7,18.7,,816.0,43.6564,-0.0,-0.0,13,0.71,trailing_stop
2016-11-28,2017-01-18,7203.T,stock,1015.75,1015.75,,812.0,0.7995,-0.0,-0.0,33,1.44,trailing_stop
2016-12-01,2016-12-14,ITX.MC,stock,24.2,24.2,,812.0,33.5525,-0.0,-0.0,9,0.8,trailing_stop
2016-12-02,2017-01-31,ENI.MI,option_eu,0.71,0.77,7.28,1137.0,16.07,103.92,9.14,41,1.26,dte_exit
2016-12-07,2017-01-19,GS,stock,189.88,189.88,,833.0,4.3892,-0.0,-0.0,28,1.73,trailing_stop
2016-12-14,2017-01-09,COP,stock,39.15,37.16,,833.0,21.2863,-42.46,-5.1,16,0.0,trailing_stop
2016-12-14,2017-05-11,TEF.MC,stock,4.54,5.35,,833.0,183.3804,147.59,17.71,102,6.93,trailing_stop
2016-12-15,2017-02-06,EWG,stock,20.83,21.82,,833.0,40.003,39.47,4.74,34,3.17,trailing_stop
2016-12-20,2017-01-04,NVDA,stock,2.58,2.57,,915.0,354.7668,-3.24,-0.35,9,1.68,trailing_stop
2017-01-05,2017-01-19,BP,stock,22.62,21.78,,914.0,40.4128,-34.05,-3.72,9,0.0,trailing_stop
2017-01-09,2017-01-23,BAMI.MI,stock,2.0,1.9,,910.0,455.2853,-46.36,-5.1,10,0.0,trailing_stop
2017-01-18,2017-02-24,ASML,stock,111.67,111.31,,910.0,8.1487,-2.98,-0.33,26,2.1,trailing_stop
2017-01-19,2017-03-10,CORN,stock,19.4,18.96,,907.0,46.7329,-20.62,-2.27,35,1.39,trailing_stop
2017-01-19,2017-05-03,CHTR,stock,303.23,329.92,,907.0,2.9897,79.77,8.8,72,3.73,trailing_stop
2017-01-23,2017-04-04,AVGO,option_us,1.32,3.02,14.08,1263.0,9.56,1621.72,128.43,50,1.69,dte_exit
2017-01-31,2017-02-13,9984.T,stock,1028.89,1028.89,,912.0,0.8867,-0.0,-0.0,9,0.25,trailing_stop
2017-02-06,2017-03-03,AMD,stock,12.47,12.99,,916.0,73.4652,37.7,4.11,18,2.27,trailing_stop
2017-02-13,2017-02-24,SAN.PA,stock,56.16,56.16,,916.0,16.3154,-0.0,-0.0,9,0.51,trailing_stop
2017-02-24,2017-05-02,ERIC-B.ST,option_eu,4.83,3.46,43.99,1282.0,2.66,-362.96,-28.3,44,0.0,dte_exit
2017-02-24,2017-05-02,META,option_us,9.67,25.43,126.57,1282.0,1.33,2091.48,163.09,46,1.63,dte_exit
2017-03-03,2017-03-21,CRM,stock,81.1,81.1,,927.0,11.4367,-0.0,-0.0,12,0.58,trailing_stop
2017-03-03,2017-06-12,SAP,stock,81.97,92.4,,927.0,11.3147,117.96,12.72,69,10.0,trailing_stop
2017-03-10,2017-06-06,ENEL.MI,option_eu,0.21,0.48,2.45,1296.0,60.34,1602.19,123.67,59,1.33,dte_exit
2017-03-21,2017-04-04,SCMN.SW,stock,311.5,311.49,,940.0,3.0183,-0.0,-0.0,10,0.31,trailing_stop
2017-03-21,2017-04-18,DGE.L,stock,2331.13,2241.36,,940.0,0.4033,-36.21,-3.85,18,0.0,trailing_stop
2017-03-21,2017-07-04,0700.HK,stock,201.52,238.1,,940.0,4.6656,170.7,18.16,69,8.18,trailing_stop
2017-04-04,2017-04-19,DTE.DE,stock,11.76,11.37,,1102.0,93.7577,-36.63,-3.32,9,0.0,trailing_stop
2017-04-04,2017-06-12,EQIX,stock,339.1,357.96,,1102.0,3.2508,61.3,5.56,47,3.17,trailing_stop
2017-04-19,2017-05-02,PPLT,stock,93.82,90.04,,1095.0,11.6717,-44.14,-4.03,9,0.0,trailing_stop
2017-04-24,2017-07-05,SBUX,option_us,3.42,1.16,47.69,1533.0,4.49,-1011.02,-65.95,50,0.77,dte_exit
2017-05-02,2017-05-15,SAND.ST,stock,114.57,108.73,,1264.0,11.0285,-64.38,-5.09,9,0.0,trailing_stop
2017-05-02,2017-06-21,LLOY.L,stock,69.51,65.97,,1264.0,18.1779,-64.38,-5.1,35,0.86,trailing_stop
2017-05-02,2017-07-05,AMZN,option_us,3.51,3.95,44.97,1769.0,5.04,219.83,12.43,44,0.69,dte_exit
2017-05-03,2017-07-04,UBSG.SW,option_eu,1.07,0.52,11.93,1780.0,16.71,-912.58,-51.27,42,0.05,dte_exit
2017-05-12,2017-05-25,AD.AS,stock,14.79,14.79,,1286.0,86.9547,-0.0,-0.0,9,0.51,trailing_stop
2017-05-16,2017-06-12,SCMN.SW,stock,325.2,325.2,,1280.0,3.9355,-0.0,-0.0,17,0.99,trailing_stop
2017-05-26,2017-06-29,EXC,stock,18.97,18.97,,1280.0,67.4636,-0.0,-0.0,23,1.14,trailing_stop
2017-06-06,2017-06-28,MSFT,stock,65.73,62.43,,1440.0,21.9087,-72.25,-5.02,16,0.01,trailing_stop
2017-06-13,2017-06-26,MPC,stock,41.64,39.52,,1458.0,35.0145,-74.28,-5.1,9,0.0,trailing_stop
2017-06-13,2017-07-18,SAND.ST,stock,110.57,104.94,,1458.0,13.1854,-74.28,-5.09,25,0.19,trailing_stop
2017-06-13,2017-10-13,C,stock,48.98,54.51,,1458.0,29.7681,164.76,11.3,86,4.89,trailing_stop
2017-06-21,2017-07-04,PHIA.AS,stock,26.31,24.97,,1452.0,55.1738,-73.96,-5.1,9,0.0,trailing_stop
2017-06-26,2017-07-07,NOVN.SW,stock,49.38,46.9,,1444.0,29.2472,-72.27,-5.0,9,0.0,trailing_stop
2017-06-28,2017-08-10,EWT,stock,21.95,22.25,,1437.0,65.4664,19.57,1.36,30,2.05,trailing_stop
2017-06-30,2017-09-05,CBK.DE,option_eu,0.87,0.46,9.23,2012.0,23.16,-935.01,-46.48,47,0.95,dte_exit
2017-07-05,2017-08-18,NKE,stock,51.92,49.28,,1276.0,24.5794,-65.02,-5.09,32,0.65,trailing_stop
2017-07-06,2017-07-19,7203.T,stock,957.08,957.08,,1276.0,1.3334,-0.0,-0.0,9,0.8,trailing_stop
2017-07-06,2017-07-24,7267.T,stock,766.43,740.88,,1276.0,1.6651,-42.54,-3.33,12,0.0,trailing_stop
2017-07-07,2017-07-24,SOYB,stock,18.9,18.9,,1269.0,67.1438,-0.0,-0.0,11,1.31,trailing_stop
2017-07-11,2017-07-24,BHP.AX,stock,11.77,11.57,,1269.0,107.7751,-21.99,-1.73,9,0.46,trailing_stop
2017-07-12,2017-07-25,CORN,stock,19.84,18.83,,1269.0,63.9594,-64.65,-5.09,9,0.0,trailing_stop
2017-07-18,2017-11-29,ASML,stock,130.53,162.35,,1262.0,9.6645,307.5,24.38,94,9.11,trailing_stop
2017-07-19,2017-08-09,NFLX,stock,18.32,17.38,,1262.0,68.8776,-64.27,-5.1,15,0.58,trailing_stop
2017-07-24,2017-08-10,EWU,stock,24.23,24.23,,1255.0,51.8014,0.31,0.02,13,1.59,trailing_stop
2017-07-24,2017-08-29,WBC.AX,stock,20.59,19.97,,1255.0,60.9434,-38.18,-3.04,26,0.53,trailing_stop
2017-07-24,2017-10-03,ABT,option_us,3.26,4.88,41.53,1757.0,5.39,873.7,49.72,50,0.5,dte_exit
2017-07-27,2017-08-17,WMT,stock,22.85,22.85,,1249.0,54.6546,0.03,0.0,15,1.58,trailing_stop
2017-08-09,2017-08-23,BAMI.MI,stock,2.26,2.14,,1242.0,549.7822,-63.29,-5.1,9,0.0,trailing_stop
2017-08-10,2017-08-23,SU.PA,stock,57.96,57.96,,1244.0,21.4659,-0.0,-0.0,9,0.12,trailing_stop
2017-08-11,2018-01-31,NOVO-B.CO,stock,118.47,143.03,,1244.0,10.5016,257.86,20.73,120,6.46,trailing_stop
2017-08-18,2017-09-08,CPER,stock,18.89,19.48,,1238.0,65.5231,38.77,3.13,14,3.69,trailing_stop
2017-08-24,2017-09-06,6861.T,stock,27479.26,26698.88,,1231.0,0.0448,-34.97,-2.84,9,0.19,trailing_stop
2017-09-04,2017-11-15,6501.T,stock,639.49,739.03,,1228.0,1.9195,191.08,15.57,52,7.54,trailing_stop
2017-09-04,2017-12-05,NDA-FI.HE,option_eu,0.52,0.03,6.07,1719.0,33.03,-1606.98,-93.51,66,0.23,dte_exit
2017-09-05,2017-09-18,TQQQ,stock,4.55,4.55,,1134.0,249.1743,-0.0,-0.0,9,0.25,trailing_stop
2017-09-05,2017-12-05,MRK,option_us,3.5,0.58,44.44,1588.0,4.54,-1322.23,-83.28,64,0.45,dte_exit
2017-09-06,2017-09-27,EWZ,stock,25.63,25.63,,1131.0,44.1064,-0.0,-0.0,15,1.23,trailing_stop
2017-09-08,2018-01-30,HD,stock,129.6,160.29,,1134.0,8.7533,268.69,23.69,98,10.67,trailing_stop
2017-09-18,2017-10-16,LLOY.L,stock,65.5,65.5,,1134.0,17.3194,-0.0,-0.0,20,0.78,trailing_stop
2017-09-27,2017-10-11,T,stock,15.88,15.88,,1134.0,71.4513,-0.0,-0.0,10,0.67,trailing_stop
2017-10-03,2017-11-20,MUV2.DE,stock,131.37,137.1,,1222.0,9.3003,53.31,4.36,34,3.61,trailing_stop
2017-10-11,2017-10-24,SAP,stock,98.98,98.98,,1222.0,12.3431,-0.0,-0.0,9,0.52,trailing_stop
2017-10-13,2017-12-01,GOOGL,stock,50.09,50.65,,1238.0,24.7192,13.67,1.1,34,2.13,trailing_stop
2017-10-16,2017-11-14,SOYB,stock,18.78,18.2,,1238.0,65.938,-37.86,-3.06,21,0.0,trailing_stop
2017-10-24,2018-01-02,ERIC-B.ST,option_eu,4.57,3.57,40.17,1734.0,3.8,-379.37,-21.88,47,0.17,dte_exit
2017-11-14,2017-11-28,DBK.DE,stock,13.56,13.56,,1234.0,91.017,-0.0,-0.0,10,1.17,trailing_stop
2017-11-15,2017-12-05,XEL,stock,40.12,38.85,,1254.0,31.2427,-39.89,-3.18,13,0.0,trailing_stop
2017-11-20,2018-02-05,CSCO,stock,28.17,31.9,,1259.0,44.6936,167.04,13.27,51,6.16,trailing_stop
2017-11-30,2018-02-02,XLI,stock,63.88,68.08,,1290.0,20.1884,84.86,6.58,43,6.68,trailing_stop
2017-11-30,2018-02-02,SPY,stock,231.83,245.25,,1290.0,5.5628,74.65,5.79,43,7.97,trailing_stop
2017-12-01,2018-01-25,UNP,stock,105.54,111.86,,1291.0,12.2319,77.25,5.98,36,3.92,trailing_stop
2017-12-05,2017-12-21,IBM,stock,104.99,102.1,,994.0,9.4682,-27.42,-2.76,12,0.04,trailing_stop
2017-12-05,2018-01-29,CAT,stock,118.86,136.22,,994.0,8.3639,145.26,14.61,36,6.46,trailing_stop
2017-12-05,2018-01-30,CVX,stock,84.6,89.53,,994.0,11.7504,57.94,5.83,37,4.6,trailing_stop
2017-12-21,2018-01-05,INTC,stock,39.95,37.91,,991.0,24.8151,-50.51,-5.1,9,0.0,trailing_stop
2018-01-03,2018-02-05,BNO,stock,18.25,18.37,,953.0,52.247,6.52,0.68,22,2.05,trailing_stop
2018-01-05,2018-01-19,IBM,stock,109.01,109.72,,948.0,8.6996,6.11,0.64,9,1.77,trailing_stop
2018-01-19,2018-02-01,AMAT,stock,52.68,49.99,,949.0,18.015,-48.35,-5.1,9,0.01,trailing_stop
2018-01-25,2018-02-07,UNG,stock,105.23,99.86,,957.0,9.092,-48.74,-5.09,9,0.26,trailing_stop
2018-01-29,2018-02-09,NOVN.SW,stock,51.63,49.0,,971.0,18.8097,-49.48,-5.1,9,0.0,trailing_stop
2018-01-30,2018-02-09,BABA,stock,188.87,160.38,,1004.0,5.3151,-151.44,-15.09,8,0.54,emergency_stop
2018-01-30,2018-02-12,INTC,stock,41.58,39.46,,1004.0,24.1437,-51.15,-5.09,9,0.0,trailing_stop
2018-01-31,2018-02-13,4063.T,stock,2143.16,2033.97,,1030.0,0.4804,-52.46,-5.1,9,0.0,trailing_stop
2018-02-01,2018-02-21,WEAT,stock,31.43,31.43,,1025.0,32.6057,-0.0,-0.0,13,0.82,trailing_stop
2018-02-02,2018-03-02,LMT,stock,285.5,270.96,,1041.0,3.6455,-53.03,-5.1,19,0.46,trailing_stop
2018-02-02,2018-07-13,ELISA.HE,stock,25.56,29.6,,1041.0,40.716,164.38,15.79,110,4.92,trailing_stop
2018-02-05,2018-03-22,NOK,stock,4.66,4.66,,1058.0,227.0591,-0.0,-0.0,32,1.36,trailing_stop
2018-02-05,2018-05-25,TELIA.ST,stock,23.72,26.26,,1058.0,44.6151,113.59,10.74,75,5.02,trailing_stop
2018-02-19,2018-03-02,FMG.AX,stock,2.19,2.08,,1023.0,466.159,-52.11,-5.09,9,0.07,trailing_stop
2018-02-20,2018-03-05,RI.PA,stock,107.79,105.27,,1023.0,9.4887,-23.92,-2.34,9,0.43,trailing_stop
2018-02-20,2018-03-07,BMY,stock,51.27,48.66,,1023.0,19.9495,-52.11,-5.1,11,0.02,trailing_stop
2018-02-27,2018-03-13,AAPL,stock,42.12,42.12,,1023.0,24.285,-0.0,-0.0,10,0.25,trailing_stop
2018-02-27,2018-03-14,NESTE.HE,stock,16.01,15.2,,1023.0,63.8668,-52.11,-5.1,11,0.0,trailing_stop
2018-02-27,2018-03-26,CSL.AX,stock,147.24,140.94,,1023.0,6.9466,-43.77,-4.28,19,0.39,trailing_stop
2018-03-12,2018-03-23,SCHW,stock,51.89,49.25,,1005.0,19.3611,-51.19,-5.1,9,0.0,trailing_stop
2018-03-13,2018-03-26,ABT,stock,55.55,52.79,,1005.0,18.086,-49.87,-4.96,9,0.0,trailing_stop
2018-03-13,2018-03-26,PLD,stock,51.2,49.06,,1005.0,19.6225,-42.0,-4.18,9,0.16,trailing_stop
2018-03-13,2018-03-26,AMAT,stock,56.14,53.28,,1005.0,17.8969,-51.19,-5.1,9,0.0,trailing_stop
2018-03-14,2018-03-27,SMH,stock,52.19,49.53,,999.0,19.1499,-50.92,-5.1,9,0.0,trailing_stop
2018-03-16,2018-04-12,NEE,stock,32.5,32.5,,999.0,30.7494,-0.0,-0.0,18,1.11,trailing_stop
2018-04-19,2018-05-02,NFLX,stock,33.32,31.62,,971.0,29.1285,-49.45,-5.1,9,0.0,trailing_stop
2018-04-19,2018-05-02,MRK,stock,44.34,43.13,,971.0,21.8888,-26.43,-2.72,9,0.46,trailing_stop
2018-04-19,2018-05-03,IBM,stock,101.11,95.95,,971.0,9.5998,-49.45,-5.1,10,0.0,trailing_stop
2018-04-19,2018-05-17,PLD,stock,53.05,50.89,,971.0,18.2971,-39.42,-4.06,20,0.33,trailing_stop
2018-04-19,2018-06-25,INTU,stock,171.65,192.67,,971.0,5.6545,118.86,12.25,46,3.68,trailing_stop
2018-04-19,2018-07-03,NWG.L,option_eu,23.04,6.08,276.15,1359.0,0.59,-1000.45,-73.63,51,0.84,dte_exit
2018-04-20,2018-05-03,SLV,stock,16.17,15.43,,971.0,60.0389,-43.9,-4.52,9,0.0,trailing_stop
2018-04-20,2018-05-30,ABBN.SW,stock,18.39,17.48,,971.0,52.7864,-47.79,-4.92,25,0.8,trailing_stop
2018-05-11,2018-05-24,SIE.DE,stock,82.72,82.72,,954.0,11.5294,-0.0,-0.0,9,0.39,trailing_stop
2018-05-11,2018-05-25,BNO,stock,21.51,21.51,,954.0,44.3332,-0.0,-0.0,10,0.76,trailing_stop
2018-05-11,2018-05-25,XOP,stock,140.67,140.67,,954.0,6.7795,-0.0,-0.0,10,1.25,trailing_stop
2018-05-11,2018-06-25,NOW,stock,35.88,34.05,,954.0,26.5797,-48.59,-5.09,30,0.61,trailing_stop
2018-05-18,2018-08-07,TGT,option_us,5.41,8.14,58.3,1330.0,2.46,669.89,50.38,55,0.5,dte_exit
2018-05-24,2018-06-06,ACA.PA,stock,8.35,7.92,,950.0,113.7447,-48.39,-5.1,9,0.0,trailing_stop
2018-05-28,2018-08-29,ITX.MC,stock,22.22,21.08,,961.0,43.2604,-48.97,-5.1,67,1.37,trailing_stop
2018-05-30,2018-06-15,WEAT,stock,34.38,32.63,,956.0,27.8124,-48.72,-5.1,12,0.48,trailing_stop
2018-05-31,2018-09-18,TLT,stock,97.65,94.8,,956.0,9.7936,-27.89,-2.92,76,0.76,trailing_stop
2018-05-31,2018-10-03,IEF,stock,85.44,84.16,,956.0,11.1922,-14.32,-1.5,87,0.97,trailing_stop
2018-06-06,2018-08-07,GOOGL,option_us,4.81,8.19,54.31,1332.0,2.77,937.44,70.38,43,1.02,dte_exit
2018-06-15,2018-09-05,DIS,stock,102.88,105.31,,947.0,9.2012,22.39,2.37,56,2.56,trailing_stop
2018-06-25,2018-07-06,WBC.AX,stock,20.09,20.09,,954.0,47.4726,-0.0,-0.0,9,0.35,trailing_stop
2018-06-25,2018-07-11,CBA.AX,stock,53.46,53.46,,954.0,17.8385,-0.0,-0.0,12,0.98,trailing_stop
2018-07-03,2018-07-17,BNO,stock,21.96,20.84,,854.0,38.8664,-43.49,-5.09,9,0.16,trailing_stop
2018-07-06,2018-07-19,BT-A.L,stock,229.37,217.68,,854.0,3.7214,-43.49,-5.1,9,0.23,trailing_stop
2018-07-12,2018-08-22,9984.T,stock,1074.81,1136.1,,854.0,0.7942,48.67,5.7,29,4.09,trailing_stop
2018-07-16,2018-07-27,NOW,stock,38.43,38.43,,870.0,22.6388,-0.0,-0.0,9,0.02,trailing_stop
2018-07-18,2018-10-11,JPM,stock,89.8,90.7,,866.0,9.6398,8.7,1.01,60,1.82,trailing_stop
2018-07-19,2018-09-28,BAC,stock,24.88,24.88,,861.0,34.618,-0.0,-0.0,50,1.48,trailing_stop
2018-07-27,2018-08-13,HON,stock,122.64,116.8,,861.0,7.0233,-41.02,-4.76,11,0.05,trailing_stop
2018-08-07,2018-08-21,AVB,stock,139.81,139.81,,1022.0,7.3105,-0.0,-0.0,10,0.39,trailing_stop
2018-08-08,2018-08-23,TMUS,stock,62.86,62.86,,1022.0,16.2599,-0.0,-0.0,11,0.39,trailing_stop
2018-08-13,2018-09-12,6861.T,stock,29840.59,28320.21,,1018.0,0.0341,-51.86,-5.1,22,0.34,trailing_stop
2018-08-21,2018-09-04,PSA,stock,163.71,156.43,,1018.0,6.218,-45.24,-4.44,9,0.0,trailing_stop
2018-08-29,2018-11-06,GS,option_us,15.48,7.24,193.56,1425.0,0.92,-758.22,-53.2,48,0.0,dte_exit
2018-08-31,2018-09-17,NOW,stock,39.64,39.64,,1018.0,25.6794,-0.0,-0.0,10,0.69,trailing_stop
2018-08-31,2018-11-06,AMZN,option_us,8.3,2.08,95.33,1425.0,1.72,-1068.6,-74.98,46,0.11,dte_exit
2018-09-04,2018-09-17,XBI,stock,99.37,94.32,,1013.0,10.1982,-51.53,-5.08,9,0.0,trailing_stop
2018-09-07,2018-09-24,CABK.MC,stock,2.71,2.71,,1016.0,374.7827,-0.0,-0.0,10,1.28,trailing_stop
2018-09-14,2018-10-04,TMUS,stock,66.0,66.0,,1010.0,15.3089,-0.0,-0.0,14,0.88,trailing_stop
2018-09-17,2018-09-28,PDD,stock,26.01,26.01,,1005.0,38.6565,-0.0,-0.0,9,0.18,trailing_stop
2018-09-17,2018-10-09,9984.T,stock,1304.19,1304.19,,1005.0,0.7708,-0.0,-0.0,16,1.01,trailing_stop
2018-09-18,2018-10-08,RTX,stock,73.02,73.1,,1003.0,13.7297,1.06,0.11,14,1.1,trailing_stop
2018-09-24,2018-10-05,ORCL,stock,45.53,43.98,,1003.0,22.0167,-34.17,-3.41,9,0.5,trailing_stop
2018-09-28,2018-10-11,EMB,stock,75.25,74.21,,1003.0,13.3223,-13.92,-1.39,9,0.0,trailing_stop
2018-09-28,2018-10-11,FMG.AX,stock,1.71,1.63,,1003.0,584.935,-51.08,-5.1,9,0.0,trailing_stop
2018-10-03,2018-10-16,TMO,stock,244.12,231.68,,1001.0,4.1007,-51.0,-5.1,9,0.0,trailing_stop
2018-10-04,2018-10-29,UNG,stock,107.51,102.03,,1001.0,9.3117,-51.0,-5.1,17,0.47,trailing_stop
2018-10-05,2018-10-24,LLY,stock,103.21,98.32,,998.0,9.6665,-47.23,-4.73,13,0.34,trailing_stop
2018-10-10,2018-10-23,GE,stock,62.05,58.89,,998.0,16.0802,-50.84,-5.1,9,0.0,trailing_stop
2018-10-11,2018-12-24,O,stock,39.15,42.67,,992.0,25.3447,89.4,9.01,50,5.18,trailing_stop
2018-12-05,2018-12-18,BAMI.MI,stock,1.47,1.4,,789.0,535.9263,-40.22,-5.1,9,0.0,trailing_stop
2018-12-05,2018-12-18,TEF.MC,stock,4.44,4.44,,789.0,177.7525,-0.0,-0.0,9,0.11,trailing_stop
2018-12-05,2018-12-18,IFX.DE,stock,17.1,16.23,,789.0,46.1544,-40.22,-5.1,9,0.0,trailing_stop
2018-12-05,2018-12-18,ITX.MC,stock,21.41,20.32,,789.0,36.8681,-40.22,-5.1,9,0.0,trailing_stop
2018-12-05,2018-12-19,ROG.SW,stock,198.28,188.18,,789.0,3.9814,-40.22,-5.1,10,0.0,trailing_stop
2018-12-05,2018-12-21,ISP.MI,stock,1.24,1.17,,789.0,638.9342,-40.22,-5.1,12,0.0,trailing_stop
2018-12-05,2018-12-21,OR.PA,stock,190.24,180.54,,789.0,4.1498,-40.22,-5.09,12,0.0,trailing_stop
2018-12-06,2018-12-19,AMD,stock,20.24,19.21,,789.0,39.004,-40.22,-5.1,9,0.07,trailing_stop
2018-12-06,2018-12-24,ED,stock,63.49,60.9,,789.0,12.4347,-32.21,-4.08,12,0.53,trailing_stop
2019-01-22,2019-02-07,CAT,stock,116.41,110.48,,767.0,6.5888,-39.08,-5.1,12,0.21,trailing_stop
2019-01-22,2019-03-08,SPXL,stock,36.92,39.99,,767.0,20.7745,63.7,8.31,32,2.15,trailing_stop
2019-01-23,2019-02-05,UNH,stock,237.16,237.16,,767.0,3.2342,-0.0,-0.0,9,0.22,trailing_stop
2019-01-23,2019-02-07,TMO,stock,238.07,238.07,,767.0,3.2218,-0.0,-0.0,11,0.38,trailing_stop
2019-01-23,2019-02-07,XLV,stock,79.59,79.59,,767.0,9.6368,-0.0,-0.0,11,0.37,trailing_stop
2019-01-23,2019-02-07,EWG,stock,22.28,22.28,,767.0,34.4332,-0.0,-0.0,11,0.86,trailing_stop
2019-01-23,2019-02-15,DE,stock,144.41,144.41,,767.0,5.3112,-0.0,-0.0,17,0.57,trailing_stop
2019-01-23,2019-05-07,TQQQ,stock,5.14,7.45,,767.0,149.2885,345.43,45.04,72,5.02,trailing_stop
2019-01-23,2019-05-07,QQQ,stock,155.93,177.89,,767.0,4.9188,107.99,14.08,72,4.35,trailing_stop
2019-01-23,2019-04-02,NVDA,option_us,0.54,0.99,3.56,1074.0,19.9,904.66,84.25,48,0.9,dte_exit
2019-02-05,2019-02-28,PG,stock,82.22,82.22,,767.0,9.3284,-0.0,-0.0,16,0.58,trailing_stop
2019-02-07,2019-02-21,GOOGL,stock,55.19,55.19,,763.0,13.8267,-0.0,-0.0,9,0.33,trailing_stop
2019-02-07,2019-04-12,ROG.SW,stock,206.36,210.77,,763.0,3.698,16.33,2.14,46,2.29,trailing_stop
2019-02-07,2019-06-17,BP,stock,28.97,27.77,,763.0,26.3448,-31.55,-4.14,89,1.83,trailing_stop
2019-02-08,2019-05-01,CPER,stock,17.71,17.71,,763.0,43.0945,-0.0,-0.0,56,1.96,trailing_stop
2019-02-15,2019-05-07,TEL2-B.ST,option_eu,5.62,6.68,65.02,1068.0,1.9,201.87,18.9,54,0.88,dte_exit
2019-02-21,2019-05-07,WMT,option_us,2.38,2.29,28.43,1068.0,4.49,-41.05,-3.84,52,0.25,dte_exit
2019-02-28,2019-03-14,PPLT,stock,82.6,79.05,,763.0,9.2383,-32.78,-4.3,10,0.0,trailing_stop
2019-03-08,2019-03-25,BATS.L,stock,3041.99,3041.99,,769.0,0.253,-0.0,-0.0,11,0.86,trailing_stop
2019-03-14,2019-03-27,AVB,stock,157.08,157.08,,766.0,4.8778,-0.0,-0.0,9,0.27,trailing_stop
2019-03-25,2019-05-07,AMD,stock,26.32,26.32,,766.0,29.1149,-0.0,-0.0,30,1.15,trailing_stop
2019-03-28,2019-04-11,LLY,stock,118.23,114.51,,766.0,6.4805,-24.13,-3.15,10,0.05,trailing_stop
2019-04-02,2019-04-17,RIO.AX,stock,62.4,62.4,,857.0,13.7277,-0.0,-0.0,11,0.53,trailing_stop
2019-04-11,2019-05-30,6758.T,stock,972.33,1003.64,,854.0,0.8786,27.51,3.22,29,2.75,trailing_stop
2019-04-15,2019-05-06,0700.HK,stock,351.34,333.44,,856.0,2.436,-43.61,-5.1,12,0.0,trailing_stop
2019-04-22,2019-07-02,PEP,option_us,7.44,10.83,97.33,1198.0,1.61,547.56,45.7,50,0.66,dte_exit
2019-05-02,2019-07-02,PHIA.AS,option_eu,2.49,3.59,28.72,1198.0,4.82,531.09,44.32,43,0.44,dte_exit
2019-05-07,2019-05-31,HSBC,stock,29.12,27.76,,913.0,31.3491,-42.69,-4.68,17,0.0,trailing_stop
2019-06-11,2019-09-03,MCD,option_us,12.85,22.9,164.42,1276.0,0.99,997.67,78.19,58,1.01,dte_exit
2019-06-12,2019-07-29,6501.T,stock,709.39,673.25,,911.0,1.2848,-46.44,-5.1,32,0.99,trailing_stop
2019-06-13,2019-07-02,NAB.AX,stock,20.02,19.44,,911.0,45.5335,-26.21,-2.88,13,0.0,trailing_stop
2019-06-13,2019-07-25,TEF.MC,stock,4.41,4.26,,911.0,206.6857,-31.29,-3.43,30,0.61,trailing_stop
2019-06-13,2019-08-05,HYG,stock,60.4,60.41,,911.0,15.0888,0.12,0.01,36,1.5,trailing_stop
2019-06-14,2019-06-27,JNJ,stock,117.08,117.08,,911.0,7.7846,-0.0,-0.0,9,0.54,trailing_stop
2019-06-17,2019-08-05,PLD,stock,67.33,65.81,,908.0,13.4902,-20.54,-2.26,34,1.0,trailing_stop
2019-06-17,2019-08-09,ENEL.MI,stock,4.1,4.18,,908.0,221.4345,18.42,2.03,39,2.25,trailing_stop
2019-06-28,2019-07-15,MPC,stock,44.13,44.13,,908.0,20.5804,-0.0,-0.0,10,0.35,trailing_stop
2019-07-02,2019-07-16,SAP,stock,125.72,122.79,,1014.0,8.0617,-23.64,-2.33,9,0.41,trailing_stop
2019-07-02,2019-08-02,GS,stock,175.26,176.02,,1014.0,5.783,4.41,0.43,22,2.14,trailing_stop
2019-07-02,2019-09-03,QCOM,option_us,8.37,3.94,62.87,1419.0,1.69,-751.39,-52.95,43,0.0,dte_exit
2019-07-15,2019-07-26,UNH,stock,236.71,224.65,,1014.0,4.2816,-51.64,-5.1,9,0.12,trailing_stop
2019-07-16,2019-07-31,TMUS,stock,76.37,76.37,,1011.0,13.2402,-0.0,-0.0,11,1.62,trailing_stop
2019-07-25,2019-08-07,SCHW,stock,40.45,34.35,,1008.0,24.9197,-152.06,-15.09,9,0.0,emergency_stop
2019-07-26,2019-08-08,MMM,stock,116.59,110.65,,1003.0,8.6012,-51.1,-5.1,9,0.0,trailing_stop
2019-07-29,2019-08-12,ABI.BR,stock,82.71,79.22,,998.0,12.0681,-42.19,-4.23,10,0.6,trailing_stop
2019-07-31,2019-10-02,GSK,stock,30.54,30.67,,998.0,32.6819,4.27,0.43,44,2.0,trailing_stop
2019-08-02,2020-02-03,AAPL,stock,49.26,73.07,,999.0,20.274,482.86,48.35,126,14.88,trailing_stop
2019-08-05,2019-08-26,8306.T,stock,399.42,379.07,,997.0,2.4952,-50.78,-5.1,14,0.0,trailing_stop
2019-09-06,2019-10-01,GLD,stock,143.78,137.67,,993.0,6.9095,-42.22,-4.25,17,0.2,trailing_stop
2019-09-06,2019-10-03,STAN.L,stock,647.68,639.2,,993.0,1.5339,-13.0,-1.31,19,2.09,trailing_stop
2019-09-09,2019-09-23,IFX.DE,stock,15.88,16.14,,993.0,62.5427,16.12,1.62,10,1.89,trailing_stop
2019-09-09,2019-09-23,VOLV-B.ST,stock,93.35,94.49,,993.0,10.6428,12.19,1.23,10,1.63,trailing_stop
2019-09-09,2019-09-24,UCG.MI,stock,8.31,8.31,,993.0,119.5371,-0.0,-0.0,11,1.36,trailing_stop
2019-09-09,2019-09-24,ABBN.SW,stock,15.56,15.69,,993.0,63.8625,8.26,0.83,11,1.56,trailing_stop
2019-09-10,2019-09-23,TMO,stock,285.19,285.19,,993.0,3.4835,-0.0,-0.0,9,0.61,trailing_stop
2019-09-10,2019-10-03,ZURN.SW,stock,268.27,268.27,,993.0,3.7033,-0.0,-0.0,17,1.29,trailing_stop
2019-09-23,2019-12-03,ROG.SW,option_eu,16.93,24.98,213.84,1395.0,0.82,663.68,47.58,51,0.91,dte_exit
2019-09-24,2019-10-07,LLOY.L,stock,54.44,51.67,,997.0,18.316,-50.8,-5.09,9,0.11,trailing_stop
2019-09-24,2019-10-07,ENI.MI,stock,9.49,9.01,,997.0,105.042,-50.8,-5.1,9,0.0,trailing_stop
2019-09-24,2019-12-04,ORA.PA,stock,9.45,9.21,,997.0,105.5273,-25.67,-2.57,51,1.77,trailing_stop
2019-09-24,2019-12-03,DTE.DE,option_eu,0.85,0.37,11.9,1396.0,16.35,-784.14,-56.17,49,0.6,dte_exit
2019-10-01,2019-12-03,WFC,stock,42.82,44.61,,993.0,23.1892,41.47,4.18,44,2.45,trailing_stop
2019-10-02,2019-10-29,AVB,stock,172.23,172.23,,993.0,5.7676,-0.0,-0.0,19,1.37,trailing_stop
2019-10-08,2019-11-11,PEP,stock,112.95,108.54,,982.0,8.6933,-38.3,-3.9,24,0.02,trailing_stop
2019-10-15,2019-10-28,BAMI.MI,stock,1.38,1.38,,982.0,709.3109,-0.0,-0.0,9,0.77,trailing_stop
2019-10-15,2019-12-02,EWT,stock,24.54,25.58,,982.0,40.0058,41.47,4.22,33,3.93,trailing_stop
2019-10-17,2019-10-30,LLOY.L,stock,60.02,56.96,,982.0,16.3582,-50.03,-5.1,9,0.27,trailing_stop
2019-10-28,2020-01-07,O,option_us,3.9,0.69,54.11,1375.0,3.53,-1130.27,-82.22,48,0.18,dte_exit
2019-10-29,2019-12-03,INTC,stock,49.5,49.5,,982.0,19.8354,-0.0,-0.0,24,1.14,trailing_stop
2019-10-30,2019-11-12,DNB.OL,stock,117.69,117.69,,977.0,8.3002,-0.0,-0.0,9,0.01,trailing_stop
2019-11-11,2020-02-04,GOOGL,option_us,5.27,10.44,61.43,1362.0,2.58,1336.17,98.09,57,1.36,dte_exit
2019-11-12,2019-12-03,CS.PA,stock,18.07,17.39,,973.0,53.854,-36.33,-3.73,15,0.0,trailing_stop
2019-12-02,2020-01-24,BABA,stock,188.78,204.28,,977.0,5.1763,80.23,8.21,36,4.04,trailing_stop
2019-12-03,2020-02-28,WEAT,stock,28.23,26.89,,966.0,34.2088,-45.64,-4.73,59,1.93,trailing_stop
2019-12-05,2020-02-03,6758.T,stock,1381.36,1460.9,,963.0,0.6972,55.46,5.76,37,3.73,trailing_stop
2019-12-06,2020-02-20,DHR,stock,127.56,138.16,,963.0,7.55,80.03,8.31,50,4.06,trailing_stop
2019-12-09,2020-01-24,BMY,stock,47.86,51.13,,963.0,20.1211,65.73,6.82,31,3.14,trailing_stop
2019-12-11,2020-01-03,GSK,stock,35.08,35.08,,963.0,27.4565,-0.0,-0.0,15,1.02,trailing_stop
2019-12-13,2020-01-08,SLB,stock,34.0,34.0,,963.0,28.3293,-0.0,-0.0,16,0.7,trailing_stop
2020-01-06,2020-01-29,CHTR,stock,493.15,493.15,,963.0,1.9529,-0.0,-0.0,16,1.38,trailing_stop
2020-01-07,2020-03-31,GE,option_us,6.08,1.65,55.87,1190.0,1.96,-866.14,-72.78,58,0.7,dte_exit
2020-01-08,2020-02-27,MCD,stock,175.55,181.07,,850.0,4.8422,26.71,3.14,34,3.61,trailing_stop
2020-01-24,2020-02-06,PEP,stock,118.84,118.84,,865.0,7.2756,-0.0,-0.0,9,0.11,trailing_stop
2020-01-24,2020-02-07,INTC,stock,58.78,58.78,,865.0,14.7101,-0.0,-0.0,10,0.38,trailing_stop
2020-01-29,2020-02-12,TLT,stock,120.12,120.12,,865.0,7.1981,-0.0,-0.0,10,0.83,trailing_stop
2020-02-03,2020-02-24,MSFT,stock,161.61,164.36,,918.0,5.6832,15.64,1.7,14,3.18,trailing_stop
2020-02-03,2020-05-05,DBK.DE,option_eu,0.87,0.33,7.07,1286.0,14.76,-792.46,-61.63,63,1.54,dte_exit
2020-02-04,2020-02-24,AMZN,stock,101.6,101.77,,1052.0,10.3558,1.86,0.18,13,1.67,trailing_stop
2020-02-07,2020-02-21,NOVO-B.CO,stock,197.27,197.27,,1052.0,5.3333,-0.0,-0.0,10,0.29,trailing_stop
2020-02-07,2020-02-24,ISP.MI,stock,1.64,1.65,,1052.0,640.7386,3.8,0.36,11,1.24,trailing_stop
2020-02-12,2020-02-25,BBVA.MC,stock,3.72,3.53,,1052.0,282.7173,-53.6,-5.1,9,0.16,trailing_stop
2020-02-20,2020-05-05,AMD,option_us,7.16,3.98,55.52,1484.0,2.07,-660.3,-44.49,52,0.49,dte_exit
2020-02-21,2020-02-28,GDXJ,stock,40.53,34.42,,1060.0,26.1568,-159.92,-15.09,5,0.18,emergency_stop
2020-02-24,2020-02-28,PLD,stock,82.91,70.41,,1062.0,12.8112,-160.24,-15.08,4,0.0,emergency_stop
2020-02-24,2020-02-28,DLR,stock,110.87,94.15,,1062.0,9.5808,-160.24,-15.08,4,0.0,emergency_stop
2020-02-24,2020-02-28,O,stock,58.8,49.93,,1062.0,18.0658,-160.24,-15.09,4,0.0,emergency_stop
2020-02-25,2020-03-10,GLD,stock,155.28,155.27,,1057.0,6.8065,-0.0,-0.0,10,0.88,trailing_stop
2020-04-21,2020-05-04,TQQQ,stock,7.5,7.5,,904.0,120.5593,-0.0,-0.0,9,0.72,trailing_stop
2020-04-21,2020-05-05,NESN.SW,stock,91.28,86.63,,904.0,9.9073,-46.07,-5.1,9,0.0,trailing_stop
2020-04-21,2020-05-05,ERIC-B.ST,stock,70.98,67.36,,904.0,12.7409,-46.07,-5.09,9,0.0,trailing_stop
2020-04-21,2020-05-13,DIA,stock,208.53,208.53,,904.0,4.3365,-0.0,-0.0,16,0.95,trailing_stop
2020-04-21,2020-05-14,SPXL,stock,30.1,30.1,,904.0,30.0428,-0.0,-0.0,17,0.98,trailing_stop
2020-04-21,2020-05-18,SAN.PA,stock,70.37,70.37,,904.0,12.8504,-0.0,-0.0,18,1.02,trailing_stop
2020-04-21,2020-06-26,GOOGL,stock,61.69,67.66,,904.0,14.6594,87.54,9.68,47,2.53,trailing_stop
2020-04-21,2020-07-31,XBI,stock,93.07,107.11,,904.0,9.7164,136.42,15.09,71,3.67,trailing_stop
2020-05-04,2020-06-26,META,stock,199.01,216.96,,904.0,4.544,81.58,9.02,38,2.57,trailing_stop
2020-05-05,2020-08-21,OR.PA,stock,231.4,254.32,,750.0,3.2404,74.27,9.91,78,2.32,trailing_stop
2020-05-05,2020-10-27,NESTE.HE,stock,25.7,39.3,,750.0,29.1705,396.72,52.91,123,5.95,trailing_stop
2020-05-07,2020-05-20,NAB.AX,stock,12.64,12.0,,750.0,59.3123,-38.2,-5.1,9,0.0,trailing_stop
2020-05-07,2020-05-27,NOW,stock,73.87,73.87,,750.0,10.1508,-0.0,-0.0,13,0.6,trailing_stop
2020-05-13,2020-05-27,LSEG.L,stock,8048.83,8048.83,,750.0,0.0932,-0.0,-0.0,9,0.92,trailing_stop
2020-05-14,2020-07-27,PDD,stock,58.44,78.02,,750.0,12.8308,251.2,33.5,50,6.24,trailing_stop
2020-05-18,2020-08-04,SLV,option_us,1.58,9.04,15.15,1050.0,6.65,4962.83,472.77,54,4.73,dte_exit
2020-05-20,2020-08-28,BHP.AX,stock,20.38,22.28,,746.0,36.5982,69.35,9.3,71,2.71,trailing_stop
2020-05-28,2020-06-11,INGA.AS,stock,4.3,4.46,,746.0,173.6593,28.7,3.85,10,1.73,trailing_stop
2020-05-28,2020-06-15,DBK.DE,stock,7.09,7.09,,746.0,105.1847,-0.0,-0.0,11,1.48,trailing_stop
2020-06-11,2020-07-16,AMZN,stock,130.31,145.96,,749.0,5.747,89.95,12.01,24,4.98,trailing_stop
2020-06-18,2020-07-27,BIDU,stock,122.15,115.93,,749.0,6.1306,-38.15,-5.1,26,1.17,trailing_stop
2020-07-02,2020-08-07,CPER,stock,17.25,17.59,,766.0,44.4,15.33,2.0,25,2.41,trailing_stop
2020-07-02,2020-08-11,AGG,stock,100.26,100.94,,766.0,7.6381,5.25,0.69,27,3.14,trailing_stop
2020-07-16,2020-07-30,RIO,stock,38.41,38.41,,775.0,20.1716,-0.0,-0.0,10,0.72,trailing_stop
2020-07-27,2020-09-01,ULVR.L,stock,4986.68,4732.61,,796.0,0.1596,-40.56,-5.1,25,0.44,trailing_stop
2020-07-28,2020-08-13,EWT,stock,29.89,29.89,,796.0,26.6364,-0.0,-0.0,12,0.75,trailing_stop
2020-07-31,2020-10-06,RI.PA,option_eu,10.5,1.41,119.01,1134.0,1.08,-981.43,-86.58,47,0.02,dte_exit
2020-08-03,2020-10-06,QCOM,option_us,13.02,16.99,90.15,1134.0,0.87,345.47,30.48,45,0.72,dte_exit
2020-08-04,2020-09-01,NOK,stock,4.53,4.3,,1306.0,288.1852,-66.54,-5.1,20,0.13,trailing_stop
2020-08-07,2020-11-03,DIS,option_us,14.43,5.19,120.86,1831.0,1.27,-1171.51,-64.0,61,0.11,dte_exit
2020-08-11,2020-09-08,META,stock,258.64,267.37,,1308.0,5.0574,44.12,3.37,19,2.46,trailing_stop
2020-08-13,2020-09-21,EMR,stock,63.06,59.85,,1308.0,20.7428,-66.65,-5.1,26,0.0,trailing_stop
2020-08-21,2020-09-03,JD,stock,67.72,69.89,,1315.0,19.4243,42.17,3.21,9,1.62,trailing_stop
2020-08-28,2020-09-24,SOYB,stock,15.01,15.49,,1322.0,88.0733,41.48,3.14,18,3.56,trailing_stop
2020-09-01,2020-09-21,INTC,stock,45.74,43.96,,1312.0,28.6792,-51.05,-3.89,13,0.72,trailing_stop
2020-09-02,2020-09-21,CPER,stock,18.71,18.71,,1312.0,70.1124,-0.0,-0.0,12,0.75,trailing_stop
2020-09-04,2020-09-24,KO,stock,42.88,40.7,,1316.0,30.6856,-67.05,-5.1,13,0.25,trailing_stop
2020-09-08,2020-12-01,CBK.DE,option_eu,0.66,0.75,4.47,1848.0,27.92,257.04,13.91,60,0.24,dte_exit
2020-10-05,2020-10-23,DUK,stock,73.5,73.49,,1306.0,17.7701,-0.0,-0.0,14,0.63,trailing_stop
2020-10-07,2021-01-05,LSEG.L,option_eu,918.92,726.02,8537.1,1739.0,0.02,-365.13,-20.99,61,0.0,dte_exit
2020-10-09,2020-10-26,INDA,stock,33.04,31.96,,1242.0,37.5988,-40.78,-3.28,11,0.0,trailing_stop
2020-10-09,2020-10-28,WEAT,stock,29.28,29.28,,1242.0,42.4333,-0.0,-0.0,13,1.05,trailing_stop
2020-10-12,2020-10-23,BAS.DE,stock,40.25,38.2,,1242.0,30.8656,-63.3,-5.1,9,0.0,trailing_stop
2020-10-12,2020-10-23,IBM,stock,97.66,92.69,,1242.0,12.7213,-63.3,-5.1,9,0.0,trailing_stop
2020-10-13,2021-01-22,SOYB,stock,15.94,19.48,,1242.0,77.9633,276.68,22.27,69,10.7,trailing_stop
2020-10-23,2021-01-22,CORN,stock,13.8,15.82,,1230.0,89.0883,179.61,14.61,61,9.45,trailing_stop
2020-11-06,2020-11-19,ROG.SW,stock,263.15,249.74,,1148.0,4.3633,-58.5,-5.1,9,0.0,trailing_stop
2020-11-06,2020-12-09,BMY,stock,51.8,49.17,,1148.0,22.1661,-58.36,-5.08,22,0.26,trailing_stop
2020-11-06,2021-02-02,TMO,option_us,48.59,35.77,485.52,1607.0,0.33,-423.91,-26.37,58,0.0,dte_exit
2020-11-06,2021-02-02,ABBV,option_us,8.9,13.57,72.11,1607.0,1.81,843.69,52.49,58,1.37,dte_exit
2020-11-09,2020-11-10,JD,stock,83.93,71.27,,1148.0,13.6808,-173.21,-15.09,1,0.0,emergency_stop
2020-11-09,2021-05-04,AMAT,stock,69.87,124.85,,1148.0,16.4322,903.35,78.68,120,16.91,trailing_stop
2020-11-11,2020-12-21,SAN.MC,stock,1.86,2.07,,1131.0,608.6641,131.11,11.59,28,3.14,trailing_stop
2020-11-19,2020-12-21,WBC.AX,stock,15.02,15.03,,1125.0,74.9077,0.47,0.04,22,1.36,trailing_stop
2020-12-02,2020-12-18,INTC,stock,44.54,44.54,,1151.0,25.8356,-0.0,-0.0,12,1.31,trailing_stop
2020-12-10,2020-12-23,T,stock,16.59,15.74,,1145.0,69.017,-58.33,-5.1,9,0.0,trailing_stop
2020-12-21,2021-01-06,CBA.AX,stock,68.16,68.16,,1158.0,16.9891,-0.0,-0.0,9,0.29,trailing_stop
2020-12-21,2021-01-15,SAP,stock,114.33,115.09,,1158.0,10.1294,7.69,0.66,17,1.6,trailing_stop
2020-12-21,2021-03-04,CPER,stock,22.44,24.47,,1158.0,51.6012,104.69,9.04,49,6.88,trailing_stop
2020-12-28,2021-03-18,DBA,stock,13.96,14.97,,1152.0,82.5583,83.27,7.23,55,6.86,trailing_stop
2021-01-05,2021-01-22,WEAT,stock,31.08,31.08,,1116.0,35.8968,-0.0,-0.0,12,1.11,trailing_stop
2021-01-06,2021-04-06,LSEG.L,option_eu,1146.47,185.98,8546.59,1562.0,0.01,-1308.6,-83.78,62,0.27,dte_exit
2021-01-15,2021-04-06,TEL2-B.ST,option_eu,7.45,6.92,72.74,1563.0,2.1,-110.72,-7.08,55,0.05,dte_exit
2021-01-22,2021-02-04,NFLX,stock,58.27,55.3,,1162.0,19.9441,-59.21,-5.1,9,0.0,trailing_stop
2021-01-22,2021-05-11,GOOGL,stock,93.89,111.65,,1162.0,12.3771,219.8,18.91,75,5.03,trailing_stop
2021-01-27,2021-02-26,PHIA.AS,stock,39.88,37.85,,1162.0,29.1388,-59.21,-5.1,22,0.36,trailing_stop
2021-02-03,2021-02-17,SLV,stock,25.02,25.02,,1204.0,48.1153,-0.0,-0.0,9,0.19,trailing_stop
2021-02-04,2021-02-18,NOW,stock,116.09,116.09,,1198.0,10.3206,-0.0,-0.0,9,0.34,trailing_stop
2021-02-04,2021-04-06,AMZN,option_us,16.05,8.03,158.17,1677.0,1.04,-838.5,-49.99,41,0.02,dte_exit
2021-02-17,2021-03-04,DBB,stock,15.52,15.81,,1198.0,77.1779,22.23,1.85,11,3.01,trailing_stop
2021-02-18,2021-03-04,PICK,stock,33.42,33.42,,1198.0,35.8511,-0.0,-0.0,10,1.37,trailing_stop
2021-02-26,2021-03-03,BARC.L,stock,159.02,135.03,,1192.0,7.4975,-179.85,-15.09,3,1.04,emergency_stop
2021-03-03,2021-05-04,DE,option_us,41.79,46.29,311.44,1644.0,0.39,177.4,10.79,43,0.33,dte_exit
2021-03-05,2021-03-19,GE,stock,67.25,63.83,,1187.0,17.6485,-60.48,-5.1,10,0.35,trailing_stop
2021-03-05,2021-03-24,UCG.MI,stock,6.89,6.89,,1187.0,172.3742,-0.0,-0.0,13,1.27,trailing_stop
2021-03-05,2021-04-14,BARC.L,stock,165.93,165.93,,1187.0,7.1531,-0.0,-0.0,26,1.15,trailing_stop
2021-03-18,2021-03-31,BAMI.MI,stock,1.67,1.67,,1195.0,714.0484,-0.0,-0.0,9,0.12,trailing_stop
2021-03-19,2021-04-29,MRK,stock,63.51,60.89,,1189.0,18.7256,-48.94,-4.12,28,0.72,trailing_stop
2021-03-24,2021-09-28,PEP,stock,119.15,132.06,,1189.0,9.9808,128.89,10.84,130,4.23,trailing_stop
2021-04-06,2021-04-19,ASML,stock,605.28,605.28,,963.0,1.5917,-0.0,-0.0,9,0.26,trailing_stop
2021-04-06,2021-05-04,QQQ,stock,321.68,321.68,,963.0,2.9951,-0.0,-0.0,20,0.86,trailing_stop
2021-04-06,2021-05-12,SPY,stock,380.39,382.27,,963.0,2.5328,4.77,0.5,26,1.66,trailing_stop
2021-04-06,2021-07-06,SMH,option_us,19.32,9.25,117.73,1349.0,0.7,-702.93,-52.11,63,0.0,dte_exit
2021-04-15,2021-05-04,SAP,stock,127.46,127.46,,963.0,7.5587,-0.0,-0.0,13,1.08,trailing_stop
2021-04-19,2021-04-30,ED,stock,65.87,64.23,,963.0,14.6264,-24.03,-2.49,9,0.36,trailing_stop
2021-04-29,2021-05-12,RTX,stock,74.79,74.79,,959.0,12.8168,-0.0,-0.0,9,0.62,trailing_stop
2021-04-30,2021-05-19,CPER,stock,27.75,28.03,,956.0,34.4586,9.62,1.01,13,1.95,trailing_stop
2021-05-04,2021-07-06,STAN.L,option_eu,52.8,1.37,493.73,1490.0,0.28,-1451.24,-97.4,44,0.0,dte_exit
2021-05-04,2021-07-06,DLR,option_us,11.53,8.92,121.4,1490.0,1.29,-337.21,-22.63,43,0.53,dte_exit
2021-05-06,2021-06-18,ITX.MC,stock,26.15,26.2,,1064.0,40.702,2.24,0.21,31,1.6,trailing_stop
2021-05-06,2021-07-06,CBK.DE,option_eu,0.54,0.46,4.99,1490.0,27.67,-220.99,-14.83,42,1.54,dte_exit
2021-05-11,2021-06-21,UCG.MI,stock,7.71,7.83,,1086.0,140.923,16.9,1.56,29,2.07,trailing_stop
2021-05-12,2021-05-25,RIO,stock,63.26,60.04,,1087.0,17.1778,-55.37,-5.1,9,0.0,trailing_stop
2021-05-12,2021-05-27,DUK,stock,85.37,83.66,,1087.0,12.7284,-21.81,-2.01,11,0.11,trailing_stop
2021-05-19,2021-06-02,GDX,stock,36.7,36.7,,1088.0,29.6396,-0.0,-0.0,9,0.1,trailing_stop
2021-05-25,2021-07-06,CSL.AX,stock,271.72,258.87,,1082.0,3.9825,-51.18,-4.73,29,1.27,trailing_stop
2021-05-31,2021-06-11,MC.PA,stock,606.47,606.47,,1080.0,1.7807,-0.0,-0.0,9,0.5,trailing_stop
2021-06-02,2021-07-15,NVDA,stock,16.23,18.95,,1080.0,66.5487,181.01,16.76,30,4.25,trailing_stop
2021-06-14,2021-09-20,ADBE,stock,545.59,636.92,,1080.0,1.9794,180.79,16.74,68,5.54,trailing_stop
2021-06-18,2021-07-14,MRK,stock,66.69,66.69,,1080.0,16.1976,-0.0,-0.0,17,0.69,trailing_stop
2021-06-21,2021-09-07,TLT,stock,123.53,125.98,,1082.0,8.7577,21.45,1.98,54,2.41,trailing_stop
2021-07-06,2021-07-19,BNO,stock,19.61,18.61,,805.0,41.076,-41.04,-5.1,9,0.16,trailing_stop
2021-07-06,2021-10-05,HYG,option_us,4.5,3.57,64.66,1128.0,2.51,-232.26,-20.6,64,0.0,dte_exit
2021-07-07,2021-07-21,TIP,stock,107.87,107.87,,805.0,7.467,-0.0,-0.0,10,0.57,trailing_stop
2021-07-07,2021-10-05,XLV,option_us,8.51,5.32,113.25,1128.0,1.32,-422.86,-37.5,63,0.76,dte_exit
2021-07-08,2021-07-30,AMZN,stock,182.36,176.62,,805.0,4.417,-25.37,-3.15,16,0.54,trailing_stop
2021-07-14,2021-09-14,BLK,stock,789.75,804.24,,805.0,1.0199,14.78,1.84,43,2.45,trailing_stop
2021-07-16,2021-08-04,KO,stock,49.06,49.06,,824.0,16.7871,-0.0,-0.0,13,0.62,trailing_stop
2021-07-19,2021-09-07,HON,stock,192.98,192.98,,819.0,4.2465,-0.0,-0.0,35,1.15,trailing_stop
2021-07-21,2021-08-06,AGG,stock,100.44,100.44,,819.0,8.1588,-0.0,-0.0,12,0.8,trailing_stop
2021-07-30,2021-08-19,AMD,stock,101.7,102.66,,817.0,8.0327,7.69,0.94,14,2.4,trailing_stop
2021-08-04,2021-10-05,CS.PA,option_eu,1.59,1.81,17.37,1144.0,7.2,156.53,13.69,44,0.34,dte_exit
2021-08-06,2021-08-19,IFX.DE,stock,33.87,32.15,,817.0,24.1182,-41.62,-5.1,9,0.07,trailing_stop
2021-08-20,2021-09-10,PSA,stock,264.02,264.02,,814.0,3.0814,-0.0,-0.0,14,0.91,trailing_stop
2021-08-23,2021-11-02,SAN.PA,option_eu,5.85,3.51,73.57,1139.0,1.95,-456.47,-40.08,51,0.0,dte_exit
2021-09-07,2021-09-20,EWJ,stock,64.33,64.33,,816.0,12.679,-0.0,-0.0,9,1.33,trailing_stop
2021-09-08,2021-10-05,6501.T,stock,1209.33,1171.55,,816.0,0.6745,-25.48,-3.12,17,1.52,trailing_stop
2021-09-16,2021-10-22,WDS.AX,stock,14.73,16.5,,817.0,55.4604,97.79,11.97,26,4.9,trailing_stop
2021-09-17,2021-11-19,EOG,stock,59.42,70.34,,817.0,13.7528,150.13,18.37,45,4.76,trailing_stop
2021-09-21,2021-11-26,NDA-FI.HE,stock,7.35,7.65,,835.0,113.7129,34.89,4.18,48,2.41,trailing_stop
2021-09-27,2021-11-23,CRM,stock,279.33,288.18,,835.0,2.9902,26.47,3.17,41,2.39,trailing_stop
2021-09-29,2021-11-26,XOP,stock,87.16,87.16,,848.0,9.7304,-0.0,-0.0,41,1.91,trailing_stop
2021-10-18,2021-11-26,MC.PA,stock,608.5,635.14,,796.0,1.3077,34.84,4.38,29,2.29,trailing_stop
2021-10-18,2022-01-04,BAC,option_us,4.2,4.37,39.31,1114.0,2.65,44.17,3.97,54,0.17,dte_exit
2021-10-18,2022-01-04,O,option_us,4.53,7.45,50.83,1114.0,2.46,717.66,64.42,54,0.64,dte_exit
2021-10-19,2021-11-17,GS,stock,371.6,352.94,,796.0,2.1414,-39.97,-5.02,21,0.39,trailing_stop
2021-10-22,2021-11-04,PHIA.AS,stock,35.02,35.02,,806.0,23.0012,-0.0,-0.0,9,0.22,trailing_stop
2021-11-02,2021-11-22,ABBV,stock,98.69,98.69,,760.0,7.6994,-0.0,-0.0,14,0.62,trailing_stop
2021-11-04,2021-11-26,6758.T,stock,2712.52,2712.52,,760.0,0.2801,-0.0,-0.0,15,0.62,trailing_stop
2021-11-17,2021-11-30,9984.T,stock,1750.03,1486.04,,756.0,0.4319,-114.02,-15.08,8,0.0,emergency_stop
2021-11-19,2021-12-03,HD,stock,364.84,364.84,,771.0,2.1129,-0.0,-0.0,9,0.27,trailing_stop
2021-11-22,2022-01-19,AAPL,stock,158.37,165.44,,771.0,4.8676,34.45,4.47,39,3.7,trailing_stop
2021-11-23,2021-12-03,JD,stock,81.94,69.58,,774.0,9.4403,-116.69,-15.09,7,0.0,emergency_stop
2021-11-26,2021-12-16,TEL2-B.ST,stock,92.97,89.44,,781.0,8.3955,-29.57,-3.79,14,0.39,trailing_stop
2021-11-26,2022-01-24,ABBV,stock,100.71,111.92,,781.0,7.7498,86.85,11.13,39,6.11,trailing_stop
2021-11-26,2022-03-07,KPN.AS,stock,2.21,2.44,,781.0,352.6566,81.41,10.43,71,5.17,trailing_stop
2021-11-30,2022-01-21,PFE,stock,41.93,42.17,,769.0,18.3415,4.29,0.56,36,2.7,trailing_stop
2021-12-02,2022-03-15,BHP.AX,stock,26.28,32.38,,769.0,29.2613,178.52,23.21,69,8.45,trailing_stop
2021-12-07,2022-01-03,TLT,stock,130.78,125.15,,757.0,5.7914,-32.61,-4.3,18,0.0,trailing_stop
2021-12-09,2022-01-10,AVGO,stock,53.66,56.66,,757.0,14.1142,42.25,5.58,21,3.28,trailing_stop
2021-12-16,2021-12-31,JNJ,stock,151.67,151.67,,754.0,4.9743,-0.0,-0.0,10,0.15,trailing_stop
2021-12-31,2022-01-14,WBC.AX,stock,17.28,17.28,,754.0,43.6517,-0.0,-0.0,9,0.64,trailing_stop
2022-01-05,2022-01-19,BAC,stock,43.28,41.74,,827.0,19.1157,-29.47,-3.56,9,0.49,trailing_stop
2022-01-05,2022-01-21,BAS.DE,stock,50.62,50.62,,827.0,16.3451,-0.0,-0.0,12,0.99,trailing_stop
2022-01-05,2022-04-05,SLB,option_us,3.93,8.19,29.02,1158.0,2.95,1253.17,108.19,62,2.13,dte_exit
2022-01-10,2022-01-24,RIO,stock,52.03,51.99,,832.0,15.9847,-0.51,-0.06,9,2.16,trailing_stop
2022-01-14,2022-02-07,UNG,stock,55.9,61.38,,832.0,14.878,81.57,9.81,15,3.04,trailing_stop
2022-03-22,2022-04-04,ZURN.SW,stock,364.05,364.05,,875.0,2.4044,-0.0,-0.0,9,0.48,trailing_stop
2022-03-22,2022-04-04,SCHW,stock,85.43,81.08,,875.0,10.2464,-44.6,-5.1,9,0.23,trailing_stop
2022-03-22,2022-04-21,ROG.SW,stock,318.35,318.35,,875.0,2.7496,-0.0,-0.0,20,1.95,trailing_stop
2022-03-22,2022-05-09,NOVN.SW,stock,65.99,68.25,,875.0,13.2652,30.06,3.43,32,2.16,trailing_stop
2022-03-23,2022-04-05,NVDA,stock,26.1,26.1,,875.0,33.5317,-0.0,-0.0,9,0.92,trailing_stop
2022-03-23,2022-04-29,BMY,stock,60.16,62.64,,875.0,14.5491,35.99,4.11,26,3.03,trailing_stop
2022-03-24,2022-04-06,DE,stock,408.13,387.34,,875.0,2.1447,-44.6,-5.1,9,0.16,trailing_stop
2022-03-24,2022-04-07,8306.T,stock,688.94,653.84,,875.0,1.2706,-44.6,-5.1,10,0.08,trailing_stop
2022-03-24,2022-04-11,TSLA,stock,336.91,336.91,,875.0,2.5981,-0.0,-0.0,12,1.35,trailing_stop
2022-04-04,2022-04-22,AEP,stock,87.15,87.15,,871.0,9.9928,-0.0,-0.0,13,1.1,trailing_stop
2022-04-04,2022-04-25,NESTE.HE,stock,37.41,37.41,,871.0,23.2768,-0.0,-0.0,13,0.53,trailing_stop
2022-04-05,2022-04-20,ERIC-B.ST,stock,77.71,74.19,,996.0,12.8198,-45.12,-4.53,9,0.55,trailing_stop
2022-04-05,2022-05-02,TELIA.ST,stock,29.4,30.4,,996.0,33.8807,33.78,3.39,17,3.62,trailing_stop
2022-04-06,2022-06-10,KPN.AS,stock,2.74,2.82,,992.0,361.3771,27.39,2.76,45,2.24,trailing_stop
2022-04-07,2022-06-13,IBE.MC,stock,9.02,8.56,,987.0,109.4964,-50.3,-5.1,45,1.42,trailing_stop
2022-04-11,2022-06-14,SAN.PA,stock,88.48,83.97,,987.0,11.1581,-50.3,-5.1,44,1.0,trailing_stop
2022-04-21,2022-05-04,TGT,stock,220.27,209.05,,983.0,4.4615,-50.07,-5.1,9,0.0,trailing_stop
2022-04-22,2022-05-06,BAMI.MI,stock,2.25,2.14,,983.0,436.1162,-50.07,-5.1,10,0.12,trailing_stop
2022-04-22,2022-05-06,SOYB,stock,29.07,27.78,,983.0,33.8077,-43.68,-4.44,10,0.0,trailing_stop
2022-07-21,2022-08-03,INTC,stock,38.2,36.25,,971.0,25.4229,-49.47,-5.1,9,0.0,trailing_stop
2022-07-21,2022-08-22,VOLV-B.ST,stock,144.89,144.89,,971.0,6.7019,-0.0,-0.0,22,0.81,trailing_stop
2022-07-21,2022-08-24,CRH,stock,33.1,34.61,,971.0,29.3328,44.18,4.55,24,2.3,trailing_stop
2022-07-21,2022-08-29,NDA-FI.HE,stock,7.26,7.26,,971.0,133.7464,-0.0,-0.0,27,1.09,trailing_stop
2022-07-22,2022-08-05,7267.T,stock,1011.07,962.34,,971.0,0.9604,-46.8,-4.82,10,0.0,trailing_stop
2022-07-22,2022-08-08,NVDA,stock,17.88,17.88,,971.0,54.302,-0.0,-0.0,11,0.83,trailing_stop
2022-07-22,2022-08-19,HYG,stock,62.3,62.3,,971.0,15.5876,-0.0,-0.0,20,1.17,trailing_stop
2022-07-22,2022-09-01,GS,stock,297.87,297.87,,971.0,3.26,-0.0,-0.0,29,1.48,trailing_stop
2022-07-22,2022-10-04,NFLX,option_us,3.97,3.55,21.13,1359.0,3.42,-144.41,-10.62,51,0.22,dte_exit
2022-07-25,2022-08-09,ASML,stock,517.99,517.99,,971.0,1.8746,-0.0,-0.0,11,1.27,trailing_stop
2022-08-04,2022-08-23,LMT,stock,390.22,390.22,,966.0,2.4758,-0.0,-0.0,13,0.5,trailing_stop
2022-08-09,2022-08-22,XBI,stock,91.65,86.98,,961.0,10.49,-48.98,-5.09,9,0.4,trailing_stop
2022-08-12,2022-08-25,BARC.L,stock,169.85,163.02,,961.0,5.6603,-38.64,-4.02,9,0.16,trailing_stop
2022-08-12,2022-08-26,DIS,stock,116.38,112.34,,961.0,8.2611,-33.35,-3.47,10,0.82,trailing_stop
2022-08-23,2022-09-05,ELISA.HE,stock,48.13,45.72,,957.0,19.8744,-47.77,-4.99,9,0.0,trailing_stop
2022-08-23,2022-09-06,OXY,stock,66.82,63.41,,957.0,14.3155,-48.73,-5.1,9,0.67,trailing_stop
2022-08-25,2022-11-01,HAL,option_us,3.81,6.42,28.01,1340.0,3.52,916.12,68.37,47,0.74,dte_exit
2022-08-26,2022-09-08,WDS.AX,stock,26.13,24.79,,954.0,36.505,-48.59,-5.1,9,0.29,trailing_stop
2022-08-29,2022-09-16,PDD,stock,65.11,65.1,,954.0,14.6491,-0.0,-0.0,13,0.92,trailing_stop
2022-08-31,2022-09-16,CORN,stock,26.71,26.71,,954.0,35.7112,-0.0,-0.0,11,0.73,trailing_stop
2022-09-13,2022-12-06,CBK.DE,option_eu,1.07,0.56,6.91,1315.0,12.28,-621.48,-47.26,60,0.06,dte_exit
2022-09-14,2022-09-27,BBVA.MC,stock,3.91,3.71,,939.0,240.4765,-47.85,-5.1,9,0.46,trailing_stop
2022-09-14,2022-09-27,ISP.MI,stock,1.41,1.34,,939.0,665.1416,-47.85,-5.1,9,0.45,trailing_stop
2022-09-14,2022-09-28,BAMI.MI,stock,2.0,2.0,,939.0,469.2403,-0.0,-0.0,10,1.05,trailing_stop
2022-09-14,2022-09-28,LLOY.L,stock,46.32,45.36,,939.0,20.2768,-19.38,-2.06,9,1.21,trailing_stop
2022-09-14,2022-12-06,KBC.BR,option_eu,4.94,7.09,40.37,1315.0,2.66,571.46,43.46,59,0.43,dte_exit
2022-11-01,2022-11-03,TNA,stock,38.13,32.38,,1005.0,26.3521,-151.59,-15.08,2,0.0,emergency_stop
2022-11-01,2022-11-03,SPXL,stock,65.94,55.99,,1005.0,15.2393,-151.59,-15.08,2,0.0,emergency_stop
2022-11-01,2022-11-14,TMUS,stock,147.24,139.74,,1005.0,6.8246,-51.2,-5.09,9,0.0,trailing_stop
2022-11-01,2022-11-14,SCHW,stock,76.27,72.38,,1005.0,13.1759,-51.2,-5.1,9,0.0,trailing_stop
2022-11-01,2022-11-17,AAPL,stock,152.53,144.76,,1005.0,6.588,-51.2,-5.1,12,0.0,trailing_stop
2022-11-01,2022-11-30,INTC,stock,27.43,27.43,,1005.0,36.6363,-0.0,-0.0,20,0.95,trailing_stop
2022-11-01,2023-01-20,ETN,stock,144.9,144.9,,1005.0,6.9349,-0.0,-0.0,54,1.82,trailing_stop
2022-11-01,2023-07-25,RTX,stock,88.37,83.87,,1005.0,11.3707,-51.2,-5.1,181,1.88,trailing_stop
2022-11-03,2022-11-16,SOYB,stock,27.28,27.28,,975.0,35.7281,-0.0,-0.0,9,0.54,trailing_stop
2022-11-10,2022-11-28,WELL,stock,62.76,62.76,,975.0,15.5283,-0.0,-0.0,11,0.74,trailing_stop
2022-11-14,2022-12-15,EWG,stock,23.12,23.12,,964.0,41.7141,-0.0,-0.0,22,0.85,trailing_stop
2022-11-14,2022-12-16,ASML,stock,559.08,559.08,,964.0,1.7248,-0.0,-0.0,23,1.13,trailing_stop
2022-11-16,2023-02-08,JD,stock,49.75,51.79,,964.0,19.3848,39.7,4.12,56,2.02,trailing_stop
2022-11-17,2023-02-03,BABA,stock,72.25,101.1,,959.0,13.2764,383.05,39.93,52,5.41,trailing_stop
2022-12-01,2022-12-28,PDD,stock,79.32,79.32,,959.0,12.0929,-0.0,-0.0,18,1.16,trailing_stop
2022-12-01,2023-01-10,NOVO-B.CO,stock,420.7,438.96,,959.0,2.28,41.64,4.34,27,2.31,trailing_stop
2022-12-06,2022-12-19,USB,stock,37.73,35.8,,954.0,25.2927,-48.62,-5.1,9,0.14,trailing_stop
2022-12-06,2023-03-07,BIDU,option_us,22.78,32.83,112.87,1336.0,0.59,589.24,44.11,61,1.2,dte_exit
2022-12-15,2023-03-10,KBC.BR,stock,47.42,55.86,,954.0,20.1244,169.95,17.81,60,5.56,trailing_stop
2022-12-23,2023-01-09,DBA,stock,17.88,17.56,,949.0,53.1042,-17.01,-1.79,9,0.28,trailing_stop
2022-12-23,2023-03-07,CAT,option_us,18.99,23.26,213.38,1329.0,0.7,298.98,22.5,48,1.14,dte_exit
2023-01-13,2023-02-03,DBB,stock,18.49,18.49,,952.0,51.4722,-0.0,-0.0,14,1.18,trailing_stop
2023-01-13,2023-04-04,AI.PA,option_eu,11.03,15.43,117.54,1333.0,1.21,532.3,39.95,57,0.4,dte_exit
2023-01-17,2023-01-30,ASML,stock,633.31,633.31,,952.0,1.5029,-0.0,-0.0,9,0.86,trailing_stop
2023-01-20,2023-02-06,EMB,stock,75.08,75.08,,952.0,12.6773,-0.0,-0.0,11,0.72,trailing_stop
2023-01-30,2023-04-04,IFX.DE,option_eu,3.32,4.73,31.22,1333.0,4.02,568.24,42.64,46,0.77,dte_exit
2023-02-03,2023-02-16,TQQQ,stock,12.13,12.13,,990.0,81.5976,-0.0,-0.0,9,0.4,trailing_stop
2023-02-03,2023-02-16,AMD,stock,86.75,82.33,,990.0,11.4138,-50.45,-5.09,9,0.0,trailing_stop
2023-02-06,2023-02-21,SAN.MC,stock,3.08,3.08,,990.0,321.1068,-0.0,-0.0,11,0.59,trailing_stop
2023-02-08,2023-03-14,7267.T,stock,959.72,1015.16,,994.0,1.0358,57.42,5.78,23,4.46,trailing_stop
2023-02-20,2023-03-14,TEF.MC,stock,3.02,3.02,,989.0,327.7157,-0.0,-0.0,16,1.34,trailing_stop
2023-02-21,2023-03-10,AIR.PA,stock,116.31,116.31,,989.0,8.5031,-0.0,-0.0,13,0.33,trailing_stop
2023-02-21,2023-06-14,KPN.AS,stock,2.85,2.76,,989.0,346.5558,-32.72,-3.31,78,1.54,trailing_stop
2023-03-07,2023-03-20,UNG,stock,34.79,29.55,,1078.0,30.9775,-162.59,-15.08,9,0.0,emergency_stop
2023-03-08,2023-04-06,4063.T,stock,3799.19,3763.49,,1078.0,0.2837,-10.13,-0.94,20,2.42,trailing_stop
2023-03-31,2023-04-13,6861.T,stock,63356.7,60128.68,,1084.0,0.0171,-55.25,-5.1,9,0.0,trailing_stop
2023-03-31,2023-04-17,LSEG.L,stock,7840.73,7840.72,,1084.0,0.1383,-0.0,-0.0,9,0.56,trailing_stop
2023-03-31,2023-05-10,ABI.BR,stock,57.6,54.85,,1084.0,18.8247,-51.79,-4.78,25,0.31,trailing_stop
2023-04-03,2023-04-18,ERIC-B.ST,stock,54.8,54.8,,1084.0,19.787,-0.0,-0.0,9,0.6,trailing_stop
2023-04-04,2023-07-06,EWJ,stock,53.89,56.44,,1194.0,22.1616,56.51,4.73,63,4.3,trailing_stop
2023-04-04,2023-06-06,ADS.DE,option_eu,18.0,10.99,152.7,1672.0,0.93,-651.38,-38.95,42,0.09,dte_exit
2023-04-04,2023-06-06,HYG,option_us,4.15,3.57,60.12,1672.0,4.03,-232.58,-13.91,43,0.0,dte_exit
2023-04-06,2023-04-21,GLD,stock,187.08,183.3,,1193.0,6.379,-24.12,-2.02,10,0.49,trailing_stop
2023-04-13,2023-04-26,EWZ,stock,24.27,23.03,,1188.0,48.9509,-60.52,-5.1,9,0.01,trailing_stop
2023-04-17,2023-05-23,MC.PA,stock,843.85,800.86,,1188.0,1.4077,-60.52,-5.09,25,0.23,trailing_stop
2023-04-18,2023-05-02,BAMI.MI,stock,2.92,2.91,,1188.0,407.4662,-3.76,-0.32,9,1.84,trailing_stop
2023-04-21,2023-05-05,CABK.MC,stock,3.05,2.89,,1185.0,388.6489,-60.4,-5.1,9,0.0,trailing_stop
2023-04-26,2023-07-04,RI.PA,option_eu,15.07,3.73,182.48,1651.0,1.1,-1242.23,-75.23,48,0.0,dte_exit
2023-05-02,2023-05-17,ULVR.L,stock,4748.06,4596.3,,1179.0,0.2483,-37.69,-3.2,10,0.0,trailing_stop
2023-05-08,2023-08-01,SLV,option_us,2.01,0.91,22.32,1642.0,8.17,-902.02,-54.93,58,0.0,dte_exit
2023-05-10,2023-07-10,BMW.DE,stock,90.11,95.42,,1168.0,12.9602,68.83,5.89,43,2.71,trailing_stop
2023-05-18,2023-10-04,8306.T,stock,878.91,1134.87,,1164.0,1.3244,339.0,29.12,96,10.01,trailing_stop
2023-05-23,2023-06-22,ABBN.SW,stock,32.1,32.7,,1158.0,36.0767,21.88,1.89,21,2.35,trailing_stop
2023-06-09,2023-06-23,CAT,stock,225.93,225.93,,1070.0,4.7341,-0.0,-0.0,9,0.94,trailing_stop
2023-06-09,2023-07-10,ITX.MC,stock,30.81,30.81,,1070.0,34.72,-0.0,-0.0,21,1.44,trailing_stop
2023-06-14,2023-06-28,INTC,stock,33.23,33.23,,1066.0,32.0917,-0.0,-0.0,9,0.92,trailing_stop
2023-06-22,2023-09-05,BITO,option_us,0.74,0.05,4.81,1496.0,20.09,-1398.29,-93.48,51,0.07,dte_exit
2023-06-26,2023-07-10,AMZN,stock,129.46,129.46,,1068.0,8.2535,-0.0,-0.0,9,0.13,trailing_stop
2023-06-28,2023-08-02,ABT,stock,102.4,103.2,,1068.0,10.4346,8.33,0.78,24,2.08,trailing_stop
2023-07-05,2023-09-05,ENEL.MI,option_eu,0.41,0.29,5.0,1322.0,32.54,-368.5,-27.87,43,0.14,dte_exit
2023-07-10,2023-08-03,SPG,stock,103.07,103.07,,957.0,9.283,-0.0,-0.0,18,1.25,trailing_stop
2023-07-11,2023-10-02,HAL,stock,34.03,37.22,,957.0,28.1204,89.91,9.4,58,2.75,trailing_stop
2023-07-11,2023-10-04,BNO,stock,26.53,30.96,,957.0,36.0696,159.78,16.7,60,5.08,trailing_stop
2023-07-12,2023-10-03,CBK.DE,option_eu,1.12,0.53,9.88,1340.0,11.93,-707.84,-52.84,59,0.07,dte_exit
2023-07-25,2023-08-10,GS,stock,334.97,317.9,,952.0,2.8411,-48.49,-5.09,12,0.0,trailing_stop
2023-08-01,2023-08-14,FXI,stock,27.94,26.51,,861.0,30.8368,-43.89,-5.1,9,0.0,trailing_stop
2023-08-02,2023-10-03,7203.T,stock,2274.53,2468.66,,862.0,0.3791,73.6,8.54,42,4.9,trailing_stop
2023-08-03,2023-08-17,6501.T,stock,1792.65,1792.65,,862.0,0.481,-0.0,-0.0,9,0.23,trailing_stop
2023-08-14,2023-10-31,DIS,option_us,8.71,1.34,82.6,1194.0,1.37,-1010.5,-84.61,55,0.0,dte_exit
2023-08-15,2023-10-04,OXY,stock,61.89,58.73,,853.0,13.7842,-43.46,-5.1,35,0.83,trailing_stop
2023-08-31,2023-09-15,PDD,stock,98.1,98.1,,853.0,8.6961,-0.0,-0.0,10,0.62,trailing_stop
2023-09-05,2023-09-21,RIO.AX,stock,102.29,102.29,,676.0,6.6124,-0.0,-0.0,12,0.66,trailing_stop
2023-09-05,2023-09-26,TIT.MI,stock,0.31,0.31,,676.0,2205.342,-0.0,-0.0,15,1.49,trailing_stop
2023-09-18,2023-12-05,DUK,option_us,7.0,3.87,82.24,947.0,1.35,-424.21,-44.8,55,0.0,dte_exit
2023-11-07,2023-11-20,SBUX,stock,97.88,97.88,,566.0,5.7871,-0.0,-0.0,9,0.74,trailing_stop
2023-11-07,2023-11-21,BT-A.L,stock,123.83,117.52,,566.0,4.5744,-28.86,-5.1,10,0.0,trailing_stop
2023-11-07,2023-11-28,6861.T,stock,61087.12,61087.06,,566.0,0.0093,-0.0,-0.0,14,0.52,trailing_stop
2023-11-07,2023-12-04,SOYB,stock,28.43,27.75,,566.0,19.9252,-13.59,-2.4,18,0.8,trailing_stop
2023-11-07,2024-01-10,4063.T,stock,4606.41,5168.45,,566.0,0.123,69.11,12.2,41,4.96,trailing_stop
2023-11-07,2024-01-17,AMT,stock,174.02,191.2,,566.0,3.255,55.91,9.87,47,2.87,trailing_stop
2023-11-07,2024-01-18,D,stock,40.41,40.41,,566.0,14.0189,-0.0,-0.0,48,1.84,trailing_stop
2023-11-07,2024-01-30,HYG,option_us,4.33,7.26,61.33,793.0,1.83,536.35,67.63,56,0.78,dte_exit
2023-11-07,2024-01-30,ISP.MI,option_eu,0.17,0.48,1.97,793.0,45.63,1389.94,175.27,57,1.75,dte_exit
2023-11-20,2024-01-18,O,stock,46.41,49.47,,566.0,12.2064,37.36,6.6,39,3.1,trailing_stop
2023-11-22,2023-12-07,TXN,stock,144.7,144.7,,564.0,3.8947,-0.0,-0.0,10,0.45,trailing_stop
2023-11-28,2023-12-11,BIDU,stock,123.14,116.87,,564.0,4.5764,-28.71,-5.09,9,0.0,trailing_stop
2023-12-04,2024-01-09,SAND.ST,stock,198.62,198.62,,562.0,2.8306,-0.0,-0.0,23,1.56,trailing_stop
2023-12-05,2024-01-17,AVB,stock,163.8,164.25,,520.0,3.1731,1.41,0.27,28,2.01,trailing_stop
2023-12-07,2024-01-16,TLT,stock,86.71,87.17,,520.0,5.9941,2.72,0.52,25,2.23,trailing_stop
2023-12-11,2024-03-05,KBC.BR,option_eu,4.61,11.59,48.05,724.0,1.57,1095.16,151.34,58,1.51,dte_exit
2024-01-09,2024-01-22,CBK.DE,stock,11.3,10.72,,517.0,45.7632,-26.34,-5.09,9,0.0,trailing_stop
2024-01-10,2024-04-02,NVDA,option_us,6.07,38.2,50.9,733.0,1.21,3880.01,529.09,56,6.2,dte_exit
2024-01-16,2024-02-07,6861.T,stock,66197.48,62824.72,,524.0,0.0079,-26.7,-5.1,16,0.34,trailing_stop
2024-01-17,2024-01-30,ELISA.HE,stock,39.23,38.22,,530.0,13.5062,-13.56,-2.56,9,1.13,trailing_stop
2024-01-17,2024-01-30,KPN.AS,stock,2.88,2.85,,530.0,184.1711,-4.39,-0.83,9,0.96,trailing_stop
2024-01-19,2024-02-01,AMD,stock,165.97,165.97,,534.0,3.2148,-0.0,-0.0,9,1.12,trailing_stop
2024-01-22,2024-04-15,SMH,stock,187.58,217.15,,531.0,2.8304,83.7,15.77,58,5.38,trailing_stop
2024-01-23,2024-02-05,AVGO,stock,119.52,119.52,,531.0,4.4422,-0.0,-0.0,9,0.54,trailing_stop
2024-01-30,2024-03-22,MC.PA,stock,746.48,791.32,,722.0,0.9669,43.35,6.01,38,2.29,trailing_stop
2024-01-30,2024-04-10,AXP,stock,196.41,213.38,,722.0,3.6747,62.36,8.64,49,3.46,trailing_stop
2024-01-30,2024-04-22,USO,stock,72.07,78.07,,722.0,10.0144,60.03,8.32,57,2.99,trailing_stop
2024-01-30,2024-04-02,VLO,option_us,11.98,44.85,122.32,1010.0,0.84,2773.43,274.47,43,2.74,dte_exit
2024-02-01,2024-04-15,PSX,stock,134.66,149.28,,722.0,5.3599,78.34,10.85,50,4.67,trailing_stop
2024-02-05,2024-04-10,ETN,stock,262.86,301.26,,722.0,2.7458,105.44,14.61,45,5.69,trailing_stop
2024-02-07,2024-02-27,ULVR.L,stock,4221.53,4221.53,,719.0,0.1703,-0.0,-0.0,14,0.96,trailing_stop
2024-02-27,2024-05-07,STAN.L,option_eu,62.52,142.55,604.69,1007.0,0.16,1288.83,128.02,47,1.37,dte_exit
2024-03-05,2024-04-30,GLD,stock,197.64,212.22,,829.0,4.1925,61.13,7.38,39,6.93,trailing_stop
2024-03-22,2024-04-11,MS,stock,88.24,84.14,,833.0,9.4397,-38.72,-4.65,13,0.12,trailing_stop
2024-04-02,2024-04-15,EWU,stock,31.34,30.99,,1498.0,47.8083,-16.83,-1.12,9,0.88,trailing_stop
2024-04-02,2024-08-06,IBE.MC,stock,10.51,11.11,,1498.0,142.5798,85.22,5.69,89,3.34,trailing_stop
2024-04-10,2024-04-23,SLV,stock,25.36,24.79,,1515.0,59.7531,-33.81,-2.23,9,0.92,trailing_stop
2024-04-10,2024-04-23,PPLT,stock,88.93,87.02,,1515.0,17.0368,-32.51,-2.15,9,0.39,trailing_stop
2024-04-11,2024-04-24,RIO.AX,stock,115.03,115.03,,1511.0,13.1372,-0.0,-0.0,9,1.28,trailing_stop
2024-04-15,2024-04-26,BP,stock,35.33,35.33,,1526.0,43.1787,-0.0,-0.0,9,0.04,trailing_stop
2024-05-07,2024-05-30,CORN,stock,20.79,20.09,,1660.0,79.8467,-55.96,-3.37,16,0.2,trailing_stop
2024-05-07,2024-06-03,SOYB,stock,26.01,24.98,,1660.0,63.8343,-65.2,-3.93,18,0.0,trailing_stop
2024-05-07,2024-07-24,AAPL,stock,181.98,215.69,,1660.0,9.1224,307.57,18.53,53,6.3,trailing_stop
2024-05-07,2024-08-06,COST,option_us,59.0,99.75,714.07,2324.0,0.39,1605.32,69.07,62,1.85,dte_exit
2024-05-08,2024-05-30,WBC.AX,stock,25.36,24.1,,1660.0,65.4698,-82.22,-4.95,16,0.0,trailing_stop
2024-05-08,2024-06-13,PFE,stock,24.33,24.33,,1660.0,68.2414,-0.0,-0.0,25,1.83,trailing_stop
2024-05-09,2024-05-22,IFX.DE,stock,35.54,35.54,,1660.0,46.7159,-0.0,-0.0,9,0.68,trailing_stop
2024-05-09,2024-05-24,NAB.AX,stock,31.89,31.89,,1660.0,52.0612,-0.0,-0.0,11,0.71,trailing_stop
2024-05-09,2024-08-06,SIE.DE,option_eu,14.59,1.06,165.05,2324.0,1.59,-2155.33,-92.74,63,0.27,dte_exit
2024-05-22,2024-06-04,GLE.PA,stock,25.66,25.66,,1660.0,64.7005,-0.0,-0.0,9,0.5,trailing_stop
2024-05-28,2024-07-23,6501.T,stock,3112.65,3368.38,,1660.0,0.5333,136.39,8.22,39,4.45,trailing_stop
2024-05-30,2024-08-06,TMUS,option_us,10.78,29.36,155.81,2305.0,2.14,3971.12,172.3,46,1.72,dte_exit
2024-06-04,2024-06-17,CABK.MC,stock,4.84,4.59,,1640.0,338.699,-83.54,-5.09,9,0.0,trailing_stop
2024-06-04,2024-06-17,NKE,stock,90.74,88.93,,1640.0,18.0707,-32.77,-2.0,9,0.74,trailing_stop
2024-06-04,2024-07-23,T,stock,16.55,16.95,,1640.0,99.0595,39.65,2.42,33,2.4,trailing_stop
2024-06-14,2024-06-28,ORCL,stock,136.97,136.97,,1640.0,11.9718,-0.0,-0.0,9,0.69,trailing_stop
2024-06-18,2024-07-02,BT-A.L,stock,139.25,139.25,,1628.0,11.6918,-0.0,-0.0,10,0.78,trailing_stop
2024-06-18,2024-08-05,ADBE,stock,515.22,515.22,,1628.0,3.16,-0.0,-0.0,32,1.75,trailing_stop
2024-07-01,2024-07-15,AMZN,stock,193.68,193.68,,1628.0,8.406,-0.0,-0.0,9,0.73,trailing_stop
2024-07-02,2024-07-25,8306.T,stock,1685.68,1640.46,,1628.0,0.9658,-43.68,-2.68,16,0.75,trailing_stop
2024-07-15,2024-07-26,GLD,stock,223.61,220.59,,1628.0,7.2809,-22.03,-1.35,9,1.0,trailing_stop
2024-07-23,2024-08-05,SLB,stock,46.94,44.55,,1646.0,35.0613,-83.85,-5.09,9,0.0,trailing_stop
2024-07-23,2024-10-01,BATS.L,option_eu,203.52,297.14,2454.09,2304.0,0.11,1059.9,46.0,49,1.55,dte_exit
2024-07-25,2024-11-06,SAP,stock,208.6,226.35,,1672.0,8.0156,142.28,8.51,73,3.73,trailing_stop
2024-07-26,2024-10-23,TMO,stock,597.91,567.45,,1670.0,2.7929,-85.08,-5.1,62,0.8,trailing_stop
2024-07-30,2024-09-04,NESTE.HE,stock,17.64,18.37,,1670.0,94.669,69.48,4.16,26,2.46,trailing_stop
2024-08-05,2024-11-12,ED,stock,97.1,92.15,,1662.0,17.1116,-84.65,-5.1,70,1.3,trailing_stop
2024-08-05,2025-03-12,ABT,stock,108.32,129.18,,1662.0,15.3393,320.05,19.26,150,4.86,trailing_stop
2024-08-16,2024-09-05,LLY,stock,919.38,919.38,,2012.0,2.1886,-0.0,-0.0,13,0.39,trailing_stop
2024-08-19,2024-11-05,PDD,option_us,17.41,4.1,142.83,2817.0,1.62,-2154.31,-76.48,55,1.22,dte_exit
2024-08-20,2024-09-03,JD,stock,27.86,26.44,,2012.0,72.2301,-102.52,-5.09,9,0.0,trailing_stop
2024-08-20,2024-11-05,BABA,option_us,8.15,21.16,77.03,2817.0,3.46,4496.95,159.64,54,3.76,dte_exit
2024-09-05,2024-10-07,DUK,stock,111.75,107.74,,2009.0,17.9767,-72.05,-3.59,22,0.0,trailing_stop
2024-09-05,2024-10-22,LMT,stock,552.89,563.28,,2009.0,3.6333,37.77,1.88,33,2.93,trailing_stop
2024-09-05,2025-01-07,T,stock,19.36,21.31,,2009.0,103.7444,201.85,10.05,85,5.75,trailing_stop
2024-10-01,2024-10-14,MC.PA,stock,658.57,625.01,,2115.0,3.2113,-107.75,-5.1,9,0.0,trailing_stop
2024-10-07,2024-10-18,MPC,stock,165.88,157.42,,2108.0,12.706,-107.38,-5.1,9,0.0,trailing_stop
2024-10-15,2024-12-10,WFC,stock,60.98,70.18,,2097.0,34.3854,316.33,15.09,39,4.76,trailing_stop
2024-10-18,2024-11-04,USB,stock,47.54,45.12,,2086.0,43.8789,-106.29,-5.1,11,0.0,trailing_stop
2024-10-22,2024-11-08,NOK,stock,4.61,4.43,,2090.0,453.4563,-81.32,-3.89,13,0.96,trailing_stop
2024-10-23,2024-11-06,SLV,stock,31.13,29.54,,2081.0,66.8584,-106.05,-5.1,10,0.16,trailing_stop
2024-11-04,2024-11-11,ABBV,stock,195.53,166.03,,2071.0,10.5905,-312.37,-15.09,5,0.0,emergency_stop
2024-11-05,2024-12-09,CHTR,stock,377.82,377.82,,2305.0,6.1009,-0.0,-0.0,23,1.12,trailing_stop
2024-11-06,2024-11-19,CABK.MC,stock,5.44,5.16,,2309.0,424.5411,-117.63,-5.1,9,0.0,trailing_stop
2024-11-06,2024-11-19,SWED-A.ST,stock,204.0,194.74,,2309.0,11.317,-104.75,-4.54,9,0.0,trailing_stop
2024-11-06,2024-11-19,BBVA.MC,stock,8.85,8.85,,2309.0,260.7647,-0.0,-0.0,9,0.13,trailing_stop
2024-11-08,2025-02-04,INTC,option_us,3.72,0.05,24.7,3221.0,8.66,-3176.65,-98.63,57,0.0,dte_exit
2024-11-11,2024-11-26,8306.T,stock,1728.66,1728.66,,2269.0,1.3127,-0.0,-0.0,11,0.67,trailing_stop
2024-11-12,2024-12-02,SRE,stock,88.83,88.83,,2261.0,25.4513,-0.0,-0.0,13,0.55,trailing_stop
2024-11-20,2025-04-03,KBC.BR,stock,67.54,78.11,,2239.0,33.1467,350.65,15.66,93,5.49,trailing_stop
2024-11-21,2024-12-04,NAB.AX,stock,37.84,37.84,,2239.0,59.1561,-0.0,-0.0,9,0.39,trailing_stop
2024-11-25,2024-12-09,ZURN.SW,stock,524.67,524.67,,2239.0,4.2666,-0.0,-0.0,10,0.61,trailing_stop
2024-11-26,2024-12-17,DE,stock,449.21,427.11,,2239.0,4.9834,-110.14,-4.92,14,0.34,trailing_stop
2024-12-03,2025-02-04,AIR.PA,option_eu,13.22,21.94,140.04,3134.0,2.37,2067.55,65.97,42,0.75,dte_exit
2024-12-04,2024-12-20,ADS.DE,stock,233.19,233.19,,2239.0,9.5999,-0.0,-0.0,12,0.97,trailing_stop
2024-12-10,2025-01-03,MC.PA,stock,627.59,595.62,,2270.0,3.6173,-115.67,-5.1,15,0.11,trailing_stop
2024-12-10,2025-03-31,BAMI.MI,stock,6.99,8.38,,2270.0,324.8613,451.62,19.89,74,6.22,trailing_stop
2024-12-10,2025-03-04,NDA-FI.HE,option_eu,0.85,1.83,9.62,3178.0,37.58,3714.81,116.88,54,1.64,dte_exit
2024-12-17,2025-01-06,TIT.MI,stock,0.28,0.27,,2259.0,8060.4484,-115.11,-5.09,9,0.0,trailing_stop
2024-12-24,2025-01-31,UNG,stock,16.02,15.92,,2259.0,141.0578,-13.57,-0.6,24,2.93,trailing_stop
2025-01-08,2025-01-27,BP,stock,28.96,28.96,,2256.0,77.8986,-0.0,-0.0,11,0.64,trailing_stop
2025-01-08,2025-01-29,DHR,stock,237.36,237.36,,2256.0,9.5059,-0.0,-0.0,13,1.36,trailing_stop
2025-01-08,2025-04-01,TGT,option_us,12.81,0.07,125.2,3159.0,2.47,-3140.43,-99.42,56,0.06,dte_exit
2025-01-27,2025-02-07,OR.PA,stock,350.7,336.56,,2256.0,6.4336,-90.99,-4.03,9,0.66,trailing_stop
2025-01-29,2025-03-31,BABA,stock,97.84,126.4,,2256.0,23.062,658.71,29.19,42,10.38,trailing_stop
2025-01-31,2025-02-13,IBM,stock,248.43,248.43,,2255.0,9.0766,-0.0,-0.0,9,0.64,trailing_stop
2025-02-04,2025-05-06,GLD,option_us,18.89,67.09,248.74,3002.0,1.59,7656.76,255.09,63,2.58,dte_exit
2025-02-06,2025-02-19,TIT.MI,stock,0.28,0.28,,2144.0,7766.0632,62.16,2.9,9,1.88,trailing_stop
2025-02-07,2025-04-04,SAN.MC,stock,5.44,5.71,,2135.0,392.6815,108.92,5.1,40,3.53,trailing_stop
2025-02-13,2025-03-14,KO,stock,66.63,66.63,,2135.0,32.0407,-0.0,-0.0,20,1.23,trailing_stop
2025-02-19,2025-03-04,CRH,stock,105.74,100.35,,2141.0,20.2487,-109.09,-5.1,9,0.0,trailing_stop
2025-05-05,2025-05-23,AI.PA,stock,182.01,182.01,,2377.0,13.0579,-0.0,-0.0,14,0.54,trailing_stop
2025-05-05,2025-08-05,ETN,stock,294.69,363.62,,2377.0,8.0651,555.98,23.39,63,4.43,trailing_stop
2025-05-05,2025-08-07,MSFT,stock,430.01,517.01,,2377.0,5.527,480.87,20.23,65,4.06,trailing_stop
2025-05-05,2025-08-14,DE,stock,476.22,486.55,,2377.0,4.9907,51.55,2.17,70,2.0,trailing_stop
2025-05-06,2025-07-18,META,stock,591.78,691.52,,3142.0,5.3099,529.58,16.85,50,3.24,trailing_stop
2025-05-06,2025-08-01,SPXL,stock,129.56,175.55,,3142.0,24.2537,1115.42,35.5,60,4.0,trailing_stop
2025-05-06,2025-08-01,TQQQ,stock,27.91,41.56,,3142.0,112.5911,1536.45,48.9,60,4.58,trailing_stop
2025-05-06,2025-08-07,CAT,stock,319.03,407.99,,3142.0,9.8496,876.25,27.89,64,6.38,trailing_stop
2025-05-07,2025-05-21,4063.T,stock,4504.28,4504.28,,3142.0,0.6976,-0.0,-0.0,10,0.61,trailing_stop
2025-05-08,2025-06-26,BATS.L,stock,3331.77,3441.52,,3142.0,0.9431,103.5,3.29,34,3.04,trailing_stop
2025-05-22,2025-07-30,PPLT,stock,98.22,120.91,,3142.0,31.9935,726.1,23.11,46,9.9,trailing_stop
2025-05-23,2025-08-05,BITO,option_us,1.69,1.52,14.76,4399.0,26.05,-437.38,-9.94,49,0.47,dte_exit
2025-06-26,2025-09-02,BAC,option_us,3.61,5.92,43.88,4414.0,12.21,2813.1,63.73,46,0.73,dte_exit
2025-07-18,2025-08-06,AMD,stock,159.75,162.94,,3206.0,20.0667,64.07,2.0,13,1.76,trailing_stop
2025-07-30,2025-09-09,NKE,stock,76.46,72.56,,3278.0,42.8775,-167.03,-5.1,28,0.36,trailing_stop
2025-08-01,2025-08-14,OR.PA,stock,387.69,387.69,,3543.0,9.14,-0.0,-0.0,9,0.07,trailing_stop
2025-08-01,2025-09-03,AEP,stock,111.77,107.19,,3543.0,31.704,-145.12,-4.1,22,0.14,trailing_stop
2025-08-05,2025-08-18,LQD,stock,106.97,106.97,,3555.0,33.2359,-0.0,-0.0,9,0.52,trailing_stop
2025-08-05,2025-11-05,IEF,stock,93.67,95.04,,3555.0,37.9557,51.93,1.46,65,3.14,trailing_stop
2025-08-06,2025-10-07,SCMN.SW,option_eu,41.56,41.66,552.42,4986.0,1.2,11.72,0.24,44,0.1,dte_exit
2025-08-08,2025-08-28,TIT.MI,stock,0.43,0.43,,3697.0,8590.0688,26.57,0.72,13,2.35,trailing_stop
2025-08-11,2025-10-21,GDX,stock,56.24,73.94,,3697.0,65.7458,1163.53,31.47,50,9.93,trailing_stop
2025-08-14,2025-08-27,EWJ,stock,75.96,75.96,,3703.0,48.7459,-0.0,-0.0,9,0.8,trailing_stop
2025-08-14,2025-10-07,EWZ,stock,26.95,28.8,,3703.0,137.3695,253.04,6.83,37,3.43,trailing_stop
2025-08-18,2025-11-04,INTC,option_us,3.68,14.15,22.8,5184.0,14.1,14762.03,284.78,55,4.07,dte_exit
2025-08-28,2025-10-21,LMT,stock,445.29,477.57,,3705.0,8.321,268.63,7.25,37,4.69,trailing_stop
2025-09-02,2025-09-25,TIP,stock,109.38,109.75,,3987.0,36.4475,13.4,0.34,17,1.97,trailing_stop
2025-09-03,2025-10-10,BABA,stock,136.84,167.3,,3972.0,29.0275,884.19,22.26,27,5.76,trailing_stop
2025-09-03,2025-11-04,GLD,option_us,23.65,52.92,311.37,5561.0,2.35,6884.38,123.8,44,2.91,dte_exit
2025-09-09,2025-09-25,AVGO,stock,348.63,330.87,,3955.0,11.3452,-201.52,-5.1,12,0.74,trailing_stop
2025-09-25,2025-10-08,HAL,stock,23.91,23.91,,3937.0,164.6691,-0.0,-0.0,9,0.59,trailing_stop
2025-09-25,2025-12-08,SRE,stock,86.0,87.98,,3937.0,45.7711,90.6,2.3,51,2.3,trailing_stop
2025-10-07,2025-10-21,6501.T,stock,4524.52,4524.52,,3963.0,0.8759,-0.0,-0.0,9,0.31,trailing_stop
2025-10-07,2026-01-30,CPER,stock,31.54,36.39,,3963.0,125.6437,609.09,15.37,79,6.72,trailing_stop
2025-10-08,2025-10-17,BITO,stock,17.17,14.58,,3963.0,230.762,-597.82,-15.08,7,0.0,emergency_stop
2025-10-10,2025-10-31,NOK,stock,5.31,6.94,,4051.0,763.6537,1246.31,30.76,15,11.58,trailing_stop
2025-10-17,2025-11-05,MC.PA,stock,592.48,592.48,,3992.0,6.7371,-0.0,-0.0,13,0.6,trailing_stop
2025-10-22,2025-11-04,TEF.MC,stock,4.39,3.73,,4135.0,941.5669,-623.74,-15.08,9,0.0,emergency_stop
2025-10-22,2025-11-04,OR.PA,stock,377.03,357.82,,4135.0,10.967,-210.67,-5.09,9,0.0,trailing_stop
2025-10-22,2025-11-05,9984.T,stock,6027.27,6027.27,,4135.0,0.686,-0.0,-0.0,9,1.2,trailing_stop
2025-10-31,2025-11-13,NVDA,stock,206.63,196.11,,4259.0,20.6137,-217.02,-5.1,9,0.02,trailing_stop
2025-11-04,2025-11-17,AMZN,stock,250.63,237.86,,6341.0,25.2989,-323.06,-5.1,9,0.0,trailing_stop
2025-11-05,2025-11-18,6501.T,stock,5126.12,4864.95,,6346.0,1.2379,-323.32,-5.09,9,0.61,trailing_stop
2025-11-05,2025-11-19,ERIC-B.ST,stock,94.57,89.76,,6346.0,67.0992,-323.32,-5.09,10,0.0,trailing_stop
2025-11-05,2026-01-06,LLY,option_us,103.43,201.34,862.74,8884.0,0.86,8410.3,94.67,41,1.43,dte_exit
2025-11-05,2026-01-06,BATS.L,option_eu,326.75,230.64,3853.6,8884.0,0.27,-2613.01,-29.41,41,0.8,dte_exit
2025-11-07,2025-11-20,LLOY.L,stock,91.57,90.07,,6346.0,69.2996,-103.99,-1.64,9,1.11,trailing_stop
2025-11-07,2025-11-20,BMW.DE,stock,84.38,84.38,,6346.0,75.202,-0.01,-0.0,9,1.21,trailing_stop
2025-11-13,2026-02-03,PFE,option_us,2.34,1.77,24.24,8854.0,37.88,-2137.38,-24.14,54,0.08,dte_exit
2025-11-17,2025-12-09,UNG,stock,14.51,14.51,,6292.0,433.488,-0.01,-0.0,15,1.77,trailing_stop
2025-11-18,2026-02-03,ALV.DE,option_eu,31.29,42.43,339.62,8763.0,2.8,3119.56,35.6,50,0.7,dte_exit
2025-11-27,2026-03-03,VOLV-B.ST,stock,283.28,334.41,,6217.0,21.9455,1121.97,18.05,62,6.03,trailing_stop
2025-11-27,2026-03-03,BNP.PA,stock,72.54,88.32,,6217.0,85.6987,1352.5,21.76,65,6.82,trailing_stop
2025-11-28,2025-12-12,GOOGL,stock,323.25,306.78,,6217.0,19.2319,-316.75,-5.1,10,0.0,trailing_stop
2025-12-08,2025-12-23,BMW.DE,stock,96.04,92.15,,6226.0,64.8284,-251.69,-4.04,11,0.33,trailing_stop
2025-12-09,2026-01-30,DBB,stock,21.57,24.05,,6226.0,288.5707,713.09,11.45,35,7.66,trailing_stop
2025-12-12,2026-03-16,NESTE.HE,stock,19.0,27.14,,6194.0,326.0271,2654.19,42.85,60,6.76,end_of_data
2025-12-23,2026-01-30,SLV,stock,63.74,85.69,,6169.0,96.7784,2124.06,34.43,25,10.86,trailing_stop
2026-01-06,2026-02-03,BIDU,stock,149.83,142.2,,6749.0,45.0428,-343.85,-5.1,19,1.23,trailing_stop
2026-01-06,2026-03-03,ASML,stock,1222.43,1376.26,,6749.0,5.5208,849.25,12.58,38,4.86,trailing_stop
2026-01-30,2026-03-09,BHP.AX,stock,50.92,51.69,,7093.0,139.2931,106.97,1.51,26,3.05,trailing_stop
2026-01-30,2026-03-16,WDS.AX,stock,24.59,31.63,,7093.0,288.4774,2031.17,28.63,31,7.25,end_of_data
2026-01-30,2026-03-16,VOD.L,option_eu,8.39,7.95,101.65,9931.0,11.84,-518.63,-5.22,31,0.97,end_of_data
2026-02-03,2026-03-12,T,stock,26.14,26.76,,7157.0,273.8433,169.77,2.37,26,2.5,trailing_stop
2026-02-03,2026-03-16,PG,option_us,12.74,7.16,144.96,10020.0,7.86,-4389.31,-43.81,28,0.9,end_of_data
2026-02-03,2026-03-16,SPG,option_us,14.79,10.38,178.95,10020.0,6.77,-2987.42,-29.81,28,0.76,end_of_data
